source,source_layer,element_code,element,site,name,lat,lon,in_lga,nearby_bbox,tail,agency,location_types,classification,source_url
BOM CDO station list,,139,Rainfall,66034,ABBOTSFORD (BLACKWALL POINT RD),-33.8507,151.1295,False,True,Jan 2004 Mar 2026 22.3 100 N,,,,https://www.bom.gov.au/climate/data/lists_by_element/alphaNSW_139.txt
BOM CDO station list,,139,Rainfall,66079,AVALON BEACH (AVALON (PALMGROVE RD)),-33.6358,151.3223,True,True,Oct 1958 Nov 2021 42.8 68 N,,,,https://www.bom.gov.au/climate/data/lists_by_element/alphaNSW_139.txt
BOM CDO station list,,139,Rainfall,66053,AVALON (WOLLSTONECRAFT AVE),-33.63,151.3291,True,True,Jan 2002 Jul 2015 13.2 97 N,,,,https://www.bom.gov.au/climate/data/lists_by_element/alphaNSW_139.txt
BOM CDO station list,,139,Rainfall,66002,BALGOWLAH (ETHEL STREET),-33.7997,151.2508,True,True,Jun 1940 Dec 1989 49.3 99 N,,,,https://www.bom.gov.au/climate/data/lists_by_element/alphaNSW_139.txt
BOM CDO station list,,139,Rainfall,66127,BEACON HILL RAAF,-33.75,151.25,True,True,Oct 1968 Oct 1973 5.1 100 N,,,,https://www.bom.gov.au/climate/data/lists_by_element/alphaNSW_139.txt
BOM CDO station list,,139,Rainfall,66188,BELROSE (EVELYN PLACE),-33.7402,151.2173,True,True,Jul 1991 Apr 2024 32.8 100 N,,,,https://www.bom.gov.au/climate/data/lists_by_element/alphaNSW_139.txt
BOM CDO station list,,139,Rainfall,67052,BEROWRA (GOODWYN ROAD),-33.625,151.1491,False,True,Apr 1903 Jan 2017 70.3 62 N,,,,https://www.bom.gov.au/climate/data/lists_by_element/alphaNSW_139.txt
BOM CDO station list,,139,Rainfall,66178,BIRCHGROVE SCHOOL,-33.85,151.1833,False,True,May 1904 Jun 1910 5.9 96 N,,,,https://www.bom.gov.au/climate/data/lists_by_element/alphaNSW_139.txt
BOM CDO station list,,139,Rainfall,66146,BROKEN BAY NATL FITNESS CAMP,-33.5667,151.2667,False,True,Feb 1969 Nov 1975 2.6 38 N,,,,https://www.bom.gov.au/climate/data/lists_by_element/alphaNSW_139.txt
BOM CDO station list,,139,Rainfall,66008,BROOKLYN (SANDBROOK INLET),-33.5479,151.2079,False,True,Jun 1913 Jul 2011 57.9 59 N,,,,https://www.bom.gov.au/climate/data/lists_by_element/alphaNSW_139.txt
BOM CDO station list,,139,Rainfall,66155,BROOKLYN (WOBBY BEACH),-33.55,151.25,False,True,Jul 1970 Dec 1975 5.5 100 N,,,,https://www.bom.gov.au/climate/data/lists_by_element/alphaNSW_139.txt
BOM CDO station list,,139,Rainfall,66080,CASTLE COVE (ROSEBRIDGE AVE),-33.7809,151.2044,False,True,Oct 1958 Apr 2023 64.6 100 N,,,,https://www.bom.gov.au/climate/data/lists_by_element/alphaNSW_139.txt
BOM CDO station list,,139,Rainfall,66011,CHATSWOOD BOWLING CLUB,-33.801,151.1803,False,True,Jul 1951 Mar 2026 35.6 48 N,,,,https://www.bom.gov.au/climate/data/lists_by_element/alphaNSW_139.txt
BOM CDO station list,,139,Rainfall,66010,CHATSWOOD COUNCIL DEPOT,-33.8014,151.1917,False,True,Jan 1897 Dec 1993 59.2 61 N,,,,https://www.bom.gov.au/climate/data/lists_by_element/alphaNSW_139.txt
BOM CDO station list,,139,Rainfall,66012,CHATSWOOD WATER SUPPLY,-33.8,151.2,False,True,Jan 1894 Aug 1970 76.7 100 N,,,,https://www.bom.gov.au/climate/data/lists_by_element/alphaNSW_139.txt
BOM CDO station list,,139,Rainfall,66126,COLLAROY (LONG REEF GOLF CLUB),-33.7407,151.3077,True,True,Aug 1965 Mar 2026 43.4 72 N,,,,https://www.bom.gov.au/climate/data/lists_by_element/alphaNSW_139.txt
BOM CDO station list,,139,Rainfall,66048,CONCORD (BRAYS RD),-33.8483,151.1105,False,True,Apr 2000 Mar 2026 26.0 100 N,,,,https://www.bom.gov.au/climate/data/lists_by_element/alphaNSW_139.txt
BOM CDO station list,,139,Rainfall,66064,CONCORD WALKER HOSPITAL,-33.8333,151.1,False,True,Nov 1894 Dec 1972 77.8 100 N,,,,https://www.bom.gov.au/climate/data/lists_by_element/alphaNSW_139.txt
BOM CDO station list,,139,Rainfall,66140,COTTAGE POINT (NOTTINGS),-33.6167,151.2,False,True,Feb 1969 Aug 1969 0.6 100 N,,,,https://www.bom.gov.au/climate/data/lists_by_element/alphaNSW_139.txt
BOM CDO station list,,139,Rainfall,66111,CRAYDON,-33.85,151.1167,False,True,Feb 1879 Aug 1921 39.5 93 N,,,,https://www.bom.gov.au/climate/data/lists_by_element/alphaNSW_139.txt
BOM CDO station list,,139,Rainfall,66166,CREMORNE GRASMERE ROAD,-33.8283,151.2217,False,True,Jan 1963 Apr 1989 26.0 99 N,,,,https://www.bom.gov.au/climate/data/lists_by_element/alphaNSW_139.txt
BOM CDO station list,,139,Rainfall,66044,CROMER GOLF CLUB,-33.7255,151.272,True,True,Mar 1898 Jun 2011 75.1 66 N,,,,https://www.bom.gov.au/climate/data/lists_by_element/alphaNSW_139.txt
BOM CDO station list,,139,Rainfall,66142,DUFFYS FOREST (NAMBA RD),-33.6761,151.1818,True,True,Feb 1969 Mar 2026 43.3 76 N,,,,https://www.bom.gov.au/climate/data/lists_by_element/alphaNSW_139.txt
BOM CDO station list,,139,Rainfall,66118,FRENCHS FOREST FITSPATRICK AVE,-33.75,151.2333,True,True,Jun 1964 Aug 1982 18.3 100 N,,,,https://www.bom.gov.au/climate/data/lists_by_element/alphaNSW_139.txt
BOM CDO station list,,139,Rainfall,66182,FRENCHS FOREST (FRENCHS FOREST RD),-33.7493,151.2334,True,True,Feb 1957 Apr 2018 60.6 99 N,,,,https://www.bom.gov.au/climate/data/lists_by_element/alphaNSW_139.txt
BOM CDO station list,,139,Rainfall,66071,GLADESVILLE CHAMPION RD,-33.8381,151.1161,False,True,Mar 1997 Sep 2000 3.5 97 N,,,,https://www.bom.gov.au/climate/data/lists_by_element/alphaNSW_139.txt
BOM CDO station list,,139,Rainfall,66120,GORDON GOLF CLUB,-33.7619,151.1463,False,True,Aug 1906 Jan 2026 107.3 90 N,,,,https://www.bom.gov.au/climate/data/lists_by_element/alphaNSW_139.txt
BOM CDO station list,,139,Rainfall,66107,HORNSBY JUNCTION (THORNLEIGH),-33.8,151.1,False,True,Jan 1890 Dec 1926 35.8 97 N,,,,https://www.bom.gov.au/climate/data/lists_by_element/alphaNSW_139.txt
BOM CDO station list,,139,Rainfall,66106,HORNSBY MURIEL STREET,-33.7,151.1,False,True,Jan 1923 Aug 1930 7.6 99 N,,,,https://www.bom.gov.au/climate/data/lists_by_element/alphaNSW_139.txt
BOM CDO station list,,139,Rainfall,66027,HORNSBY MWSDB,-33.7,151.1,False,True,Dec 1946 Sep 1973 26.7 99 N,,,,https://www.bom.gov.au/climate/data/lists_by_element/alphaNSW_139.txt
BOM CDO station list,,139,Rainfall,66108,HUNTERS HILL ST JOSEPHS COLLEG,-33.8333,151.1333,False,True,Jan 1916 Dec 1923 8.0 100 N,,,,https://www.bom.gov.au/climate/data/lists_by_element/alphaNSW_139.txt
BOM CDO station list,,139,Rainfall,66109,HUNTERS HILL (THE BUNGALOW),-33.8,151.1,False,True,Jan 1893 Feb 1943 50.2 100 N,,,,https://www.bom.gov.au/climate/data/lists_by_element/alphaNSW_139.txt
BOM CDO station list,,139,Rainfall,66123,INGLESIDE,-33.6833,151.2667,True,True,May 1964 Dec 1977 6.3 46 N,,,,https://www.bom.gov.au/climate/data/lists_by_element/alphaNSW_139.txt
BOM CDO station list,,139,Rainfall,66183,INGLESIDE (ANIMAL WELFARE LEAGUE NSW),-33.671,151.274,True,True,Jan 1984 Dec 2012 27.0 93 N,,,,https://www.bom.gov.au/climate/data/lists_by_element/alphaNSW_139.txt
BOM CDO station list,,139,Rainfall,66105,KILLARA,-33.7667,151.1667,False,True,Jul 1909 Jan 1922 12.3 97 N,,,,https://www.bom.gov.au/climate/data/lists_by_element/alphaNSW_139.txt
BOM CDO station list,,139,Rainfall,66031,KILLARA (METRO),-33.7667,151.1667,False,True,Jan 1943 Jun 1951 8.5 100 N,,,,https://www.bom.gov.au/climate/data/lists_by_element/alphaNSW_139.txt
BOM CDO station list,,139,Rainfall,66143,KURING-GAI CHASE (WEST HEAD),-33.58,151.2983,True,True,Feb 1969 Dec 1991 19.3 84 N,,,,https://www.bom.gov.au/climate/data/lists_by_element/alphaNSW_139.txt
BOM CDO station list,,139,Rainfall,66032,LINDFIELD WEST,-33.7822,151.1486,False,True,Apr 1950 Jun 1992 40.7 96 N,,,,https://www.bom.gov.au/climate/data/lists_by_element/alphaNSW_139.txt
BOM CDO station list,,139,Rainfall,66156,MACQUARIE PARK (WILLANDRA VILLAGE),-33.7791,151.1121,False,True,Nov 1970 Sep 2023 45.7 86 N,,,,https://www.bom.gov.au/climate/data/lists_by_element/alphaNSW_139.txt
BOM CDO station list,,139,Rainfall,66099,MANLY (FAIRLIGHT),-33.8,151.2667,True,True,Sep 1926 Aug 1936 10.0 100 N,,,,https://www.bom.gov.au/climate/data/lists_by_element/alphaNSW_139.txt
BOM CDO station list,,139,Rainfall,66088,MANLY NORTH,-33.7833,151.2833,True,True,Sep 1959 Jul 1975 15.9 100 N,,,,https://www.bom.gov.au/climate/data/lists_by_element/alphaNSW_139.txt
BOM CDO station list,,139,Rainfall,66089,MANLY NORTH BOWLING CLUB,-33.7939,151.2692,True,True,Dec 1961 Nov 1987 21.8 84 N,,,,https://www.bom.gov.au/climate/data/lists_by_element/alphaNSW_139.txt
BOM CDO station list,,139,Rainfall,66138,MANLY (NORTH HEAD),-33.815,151.2969,True,True,Dec 1968 Jul 1997 21.0 73 N,,,,https://www.bom.gov.au/climate/data/lists_by_element/alphaNSW_139.txt
BOM CDO station list,,139,Rainfall,66035,MANLY TOWN HALL,-33.8,151.3,False,True,May 1914 Nov 1963 49.4 100 N,,,,https://www.bom.gov.au/climate/data/lists_by_element/alphaNSW_139.txt
BOM CDO station list,,139,Rainfall,66153,MANLY VALE (MANLY DAM),-33.7822,151.2556,True,True,Jun 1906 Oct 2006 67.3 67 N,,,,https://www.bom.gov.au/climate/data/lists_by_element/alphaNSW_139.txt
BOM CDO station list,,139,Rainfall,66115,MARSFIELD,-33.7833,151.1167,False,True,May 1964 Jun 1965 1.2 100 N,,,,https://www.bom.gov.au/climate/data/lists_by_element/alphaNSW_139.txt
BOM CDO station list,,139,Rainfall,66193,MARSFIELD (MACQUARIE UNIVERSITY NO:2),-33.7654,151.1176,False,True,Mar 1994 Oct 1995 1.7 100 Y,,,,https://www.bom.gov.au/climate/data/lists_by_element/alphaNSW_139.txt
BOM CDO station list,,139,Rainfall,66102,MEADOW BANK,-33.8167,151.1167,False,True,Jan 1903 Dec 1916 13.4 96 N,,,,https://www.bom.gov.au/climate/data/lists_by_element/alphaNSW_139.txt
BOM CDO station list,,139,Rainfall,66039,MIDDLECOVE,-33.8,151.2,False,True,Feb 1943 Jul 1953 10.5 100 N,,,,https://www.bom.gov.au/climate/data/lists_by_element/alphaNSW_139.txt
BOM CDO station list,,139,Rainfall,66141,MONA VALE GOLF CLUB,-33.6795,151.3076,True,True,Feb 1969 Feb 2025 54.1 96 N,,,,https://www.bom.gov.au/climate/data/lists_by_element/alphaNSW_139.txt
BOM CDO station list,,139,Rainfall,66042,MOSMAN (BAPAUME ROAD),-33.8194,151.2428,False,True,Sep 1895 Mar 2005 109.5 100 N,,,,https://www.bom.gov.au/climate/data/lists_by_element/alphaNSW_139.txt
BOM CDO station list,,139,Rainfall,66184,MOSMAN COUNCIL,-33.834,151.2484,False,True,Sep 1984 Aug 2007 19.1 83 N,,,,https://www.bom.gov.au/climate/data/lists_by_element/alphaNSW_139.txt
BOM CDO station list,,139,Rainfall,66041,MOSMAN WATER SUPPLY,-33.8333,151.25,False,True,Jun 1904 Oct 1967 63.3 100 N,,,,https://www.bom.gov.au/climate/data/lists_by_element/alphaNSW_139.txt
BOM CDO station list,,139,Rainfall,66119,MOUNT KURING-GAI (LEDORA FARM),-33.6403,151.1412,False,True,May 1964 Aug 2025 61.2 100 N,,,,https://www.bom.gov.au/climate/data/lists_by_element/alphaNSW_139.txt
BOM CDO station list,,139,Rainfall,66045,NEWPORT BOWLING CLUB,-33.6572,151.3187,True,True,Jul 1931 Dec 2010 77.9 98 N,,,,https://www.bom.gov.au/climate/data/lists_by_element/alphaNSW_139.txt
BOM CDO station list,,139,Rainfall,66167,NORTHBRIDGE BOWLING CLUB,-33.8057,151.2145,False,True,Jan 1980 Dec 2000 21.0 100 N,,,,https://www.bom.gov.au/climate/data/lists_by_element/alphaNSW_139.txt
BOM CDO station list,,139,Rainfall,66130,NORTHBRIDGE (SAILORS BAY),-33.8167,151.2167,False,True,Jan 1924 Apr 1980 56.3 100 N,,,,https://www.bom.gov.au/climate/data/lists_by_element/alphaNSW_139.txt
BOM CDO station list,,139,Rainfall,66213,NORTH RYDE GOLF CLUB,-33.8005,151.1201,False,True,Aug 2011 Mar 2026 14.7 100 N,,,,https://www.bom.gov.au/climate/data/lists_by_element/alphaNSW_139.txt
BOM CDO station list,,139,Rainfall,66081,NORTH RYDE STROUD STREET,-33.8,151.1333,False,True,Aug 1960 Dec 1977 17.4 100 N,,,,https://www.bom.gov.au/climate/data/lists_by_element/alphaNSW_139.txt
BOM CDO station list,,139,Rainfall,66114,NORTH TURRAMURRA (DRYDEN RD),-33.7179,151.147,False,True,May 2005 Dec 2009 4.7 100 N,,,,https://www.bom.gov.au/climate/data/lists_by_element/alphaNSW_139.txt
BOM CDO station list,,139,Rainfall,66083,PALM BEACH COASTERS RETREAT,-33.6,151.3,True,True,Apr 1960 Nov 1989 23.5 79 N,,,,https://www.bom.gov.au/climate/data/lists_by_element/alphaNSW_139.txt
BOM CDO station list,,139,Rainfall,66128,PALM BEACH (SUNRISE ROAD),-33.5965,151.3221,True,True,Sep 1965 Jul 2023 49.3 85 N,,,,https://www.bom.gov.au/climate/data/lists_by_element/alphaNSW_139.txt
BOM CDO station list,,139,Rainfall,61310,PEARL BEACH (CROMMELIN RESEARCH STATION),-33.5491,151.299,False,True,Mar 1953 Jul 1998 26.7 59 N,,,,https://www.bom.gov.au/climate/data/lists_by_element/alphaNSW_139.txt
BOM CDO station list,,139,Rainfall,66151,PRIMROSE PARK (FOLLY POINT),-33.8167,151.2167,False,True,Aug 1912 Aug 1918 6.0 99 N,,,,https://www.bom.gov.au/climate/data/lists_by_element/alphaNSW_139.txt
BOM CDO station list,,139,Rainfall,66096,PYMBLE,-33.7167,151.1667,False,True,Oct 1914 Oct 1920 5.7 93 N,,,,https://www.bom.gov.au/climate/data/lists_by_element/alphaNSW_139.txt
BOM CDO station list,,139,Rainfall,66157,PYMBLE (CANISIUS COLLEGE),-33.7371,151.1521,False,True,Dec 1947 Jul 2011 62.6 98 N,,,,https://www.bom.gov.au/climate/data/lists_by_element/alphaNSW_139.txt
BOM CDO station list,,139,Rainfall,66131,RIVERVIEW OBSERVATORY,-33.8258,151.1556,False,True,Jan 1905 Mar 2015 95.0 86 N,,,,https://www.bom.gov.au/climate/data/lists_by_element/alphaNSW_139.txt
BOM CDO station list,,139,Rainfall,66056,ROSEVILLE BOWLING CLUB,-33.7833,151.1833,False,True,Jun 1914 Aug 1979 60.7 93 N,,,,https://www.bom.gov.au/climate/data/lists_by_element/alphaNSW_139.txt
BOM CDO station list,,139,Rainfall,66057,RYDE PUMPING STATION,-33.8167,151.1,False,True,Jan 1894 Jun 1978 84.3 100 N,,,,https://www.bom.gov.au/climate/data/lists_by_element/alphaNSW_139.txt
BOM CDO station list,,139,Rainfall,66175,SCHNAPPER ISLAND,-33.85,151.1667,False,True,Mar 1932 Jul 1939 5.7 76 N,,,,https://www.bom.gov.au/climate/data/lists_by_element/alphaNSW_139.txt
BOM CDO station list,,139,Rainfall,66145,SEAFORTH CASTLE CIRCUIT,-33.7894,151.2392,True,True,Oct 1968 Dec 1993 25.2 100 N,,,,https://www.bom.gov.au/climate/data/lists_by_element/alphaNSW_139.txt
BOM CDO station list,,139,Rainfall,66206,ST IVES (RICHMOND AVENUE),-33.7096,151.173,False,True,Apr 1998 Feb 2021 22.9 100 N,,,,https://www.bom.gov.au/climate/data/lists_by_element/alphaNSW_139.txt
BOM CDO station list,,139,Rainfall,66095,SYDNEY (HORNBY LIGHT),-33.8333,151.2833,False,True,Jan 1840 Dec 1932 30.4 33 N,,,,https://www.bom.gov.au/climate/data/lists_by_element/alphaNSW_139.txt
BOM CDO station list,,139,Rainfall,66061,SYDNEY NTH BOWLING CLUB,-33.8333,151.2,False,True,Apr 1950 Nov 1974 23.2 94 N,,,,https://www.bom.gov.au/climate/data/lists_by_element/alphaNSW_139.txt
BOM CDO station list,,139,Rainfall,66214,SYDNEY (OBSERVATORY HILL),-33.8593,151.2048,False,True,Oct 2017 Mar 2026 8.5 100 Y,,,,https://www.bom.gov.au/climate/data/lists_by_element/alphaNSW_139.txt
BOM CDO station list,,139,Rainfall,66077,TERREY HILLS,-33.6833,151.2333,True,True,Oct 1963 Feb 1966 2.3 96 N,,,,https://www.bom.gov.au/climate/data/lists_by_element/alphaNSW_139.txt
BOM CDO station list,,139,Rainfall,66059,TERREY HILLS AWS,-33.6908,151.2253,True,True,Sep 2004 Mar 2026 21.6 100 Y,,,,https://www.bom.gov.au/climate/data/lists_by_element/alphaNSW_139.txt
BOM CDO station list,,139,Rainfall,66158,TURRAMURRA (KISSING POINT ROAD),-33.7366,151.1271,False,True,Jan 1912 Oct 2018 91.6 86 N,,,,https://www.bom.gov.au/climate/data/lists_by_element/alphaNSW_139.txt
BOM CDO station list,,139,Rainfall,66117,TURRAMURRA NORTH,-33.7167,151.1667,False,True,May 1964 Aug 1967 3.3 100 N,,,,https://www.bom.gov.au/climate/data/lists_by_element/alphaNSW_139.txt
BOM CDO station list,,139,Rainfall,66180,TURRAMURRA (PIBRAC),-33.7,151.1,False,True,Jan 1891 Aug 1918 24.0 87,,,,https://www.bom.gov.au/climate/data/lists_by_element/alphaNSW_139.txt
BOM CDO station list,,139,Rainfall,66211,WAHROONGA (ADA AVENUE),-33.7242,151.1144,False,True,Mar 2010 Mar 2026 16.0 99 N,,,,https://www.bom.gov.au/climate/data/lists_by_element/alphaNSW_139.txt
BOM CDO station list,,139,Rainfall,66205,WAHROONGA (BOUNDARY ROAD),-33.7073,151.1315,False,True,Mar 1998 Dec 2005 7.8 100 N,,,,https://www.bom.gov.au/climate/data/lists_by_element/alphaNSW_139.txt
BOM CDO station list,,139,Rainfall,66063,WAHROONGA RESERVOIR,-33.7206,151.1128,False,True,Aug 1906 Jan 1991 53.9 64 N,,,,https://www.bom.gov.au/climate/data/lists_by_element/alphaNSW_139.txt
BOM CDO station list,,139,Rainfall,66163,WATSONS BAY (HMAS WATSON),-33.8369,151.2797,False,True,Oct 1968 Nov 1997 21.8 75 N,,,,https://www.bom.gov.au/climate/data/lists_by_element/alphaNSW_139.txt
BOM CDO station list,,139,Rainfall,66065,WATSONS BAY (VAUCLUSE),-33.85,151.3,False,True,Jan 1914 Jul 1952 34.1 88 N,,,,https://www.bom.gov.au/climate/data/lists_by_element/alphaNSW_139.txt
BOM CDO station list,,139,Rainfall,66075,WAVERTON BOWLING CLUB,-33.8411,151.1967,False,True,Dec 1955 Aug 1999 34.0 78 N,,,,https://www.bom.gov.au/climate/data/lists_by_element/alphaNSW_139.txt
BOM CDO station list,,139,Rainfall,66189,WEST PYMBLE (WYUNA ROAD),-33.7693,151.138,False,True,Apr 1992 May 2011 17.9 93 N,,,,https://www.bom.gov.au/climate/data/lists_by_element/alphaNSW_139.txt
BOM CDO station list,,139,Rainfall,66094,WILLOUGHBY,-33.8,151.2,False,True,Jan 1908 Apr 1927 19.3 100 N,,,,https://www.bom.gov.au/climate/data/lists_by_element/alphaNSW_139.txt
BOM CDO station list,,139,Rainfall,66067,WOLLSTONECRAFT,-33.8333,151.2,False,True,Jan 1915 May 1975 59.1 98 N,,,,https://www.bom.gov.au/climate/data/lists_by_element/alphaNSW_139.txt
BOM CDO station list,,149,Rainfall Intensity (pluviograph data),66142,DUFFYS FOREST (NAMBA RD),-33.6761,151.1818,True,True,Nov 1987 Jun 2017 28.2 93 1.0 N,,,,https://www.bom.gov.au/climate/data/lists_by_element/alphaNSW_149.txt
BOM CDO station list,,149,Rainfall Intensity (pluviograph data),66184,MOSMAN COUNCIL,-33.834,151.2484,False,True,Sep 1984 Feb 2015 20.3 64 1.0 N,,,,https://www.bom.gov.au/climate/data/lists_by_element/alphaNSW_149.txt
BOM CDO station list,,149,Rainfall Intensity (pluviograph data),66063,WAHROONGA RESERVOIR,-33.7206,151.1128,False,True,Jan 1949 Dec 1973 24.0 96 1.0 N,,,,https://www.bom.gov.au/climate/data/lists_by_element/alphaNSW_149.txt
BOM CDO station list,,3,Air Temperature,66156,MACQUARIE PARK (WILLANDRA VILLAGE),-33.7791,151.1121,False,True,Feb 1971 Oct 1995 19.4 71 1.6 N,,,,https://www.bom.gov.au/climate/data/lists_by_element/alphaNSW_3.txt
BOM CDO station list,,3,Air Temperature,66193,MARSFIELD (MACQUARIE UNIVERSITY NO:2),-33.7654,151.1176,False,True,Mar 1994 Oct 1995 1.7 91 1.0 Y,,,,https://www.bom.gov.au/climate/data/lists_by_element/alphaNSW_3.txt
BOM CDO station list,,3,Air Temperature,66131,RIVERVIEW OBSERVATORY,-33.8258,151.1556,False,True,Mar 1962 Jan 2015 30.4 51 1.4 N,,,,https://www.bom.gov.au/climate/data/lists_by_element/alphaNSW_3.txt
BOM CDO station list,,3,Air Temperature,66202,SYDNEY HARBOUR (CANNAE POINT),-33.8153,151.2842,False,True,Jan 2000 Jul 2000 0.5 12 1.0 Y,,,,https://www.bom.gov.au/climate/data/lists_by_element/alphaNSW_3.txt
BOM CDO station list,,3,Air Temperature,66196,SYDNEY HARBOUR (WEDDING CAKE WEST),-33.8405,151.2643,False,True,Sep 1997 Apr 2026 25.6 87 20.5 Y,,,,https://www.bom.gov.au/climate/data/lists_by_element/alphaNSW_3.txt
BOM CDO station list,,3,Air Temperature,66214,SYDNEY (OBSERVATORY HILL),-33.8593,151.2048,False,True,Oct 2017 Apr 2026 8.6 99 18.5 Y,,,,https://www.bom.gov.au/climate/data/lists_by_element/alphaNSW_3.txt
BOM CDO station list,,3,Air Temperature,66059,TERREY HILLS AWS,-33.6908,151.2253,True,True,Sep 2004 Apr 2026 21.7 99 17.3 Y,,,,https://www.bom.gov.au/climate/data/lists_by_element/alphaNSW_3.txt
BOM CDO station list,,122,Maximum Air temperature,66156,MACQUARIE PARK (WILLANDRA VILLAGE),-33.7791,151.1121,False,True,Feb 1971 Oct 1995 24.1 84 N,,,,https://www.bom.gov.au/climate/data/lists_by_element/alphaNSW_122.txt
BOM CDO station list,,122,Maximum Air temperature,66193,MARSFIELD (MACQUARIE UNIVERSITY NO:2),-33.7654,151.1176,False,True,Mar 1994 Oct 1995 1.7 89 Y,,,,https://www.bom.gov.au/climate/data/lists_by_element/alphaNSW_122.txt
BOM CDO station list,,122,Maximum Air temperature,66131,RIVERVIEW OBSERVATORY,-33.8258,151.1556,False,True,Apr 1962 Jan 2015 30.2 53 N,,,,https://www.bom.gov.au/climate/data/lists_by_element/alphaNSW_122.txt
BOM CDO station list,,122,Maximum Air temperature,66196,SYDNEY HARBOUR (WEDDING CAKE WEST),-33.8405,151.2643,False,True,Sep 1997 Apr 2026 24.0 78 Y,,,,https://www.bom.gov.au/climate/data/lists_by_element/alphaNSW_122.txt
BOM CDO station list,,122,Maximum Air temperature,66214,SYDNEY (OBSERVATORY HILL),-33.8593,151.2048,False,True,Oct 2017 Apr 2026 8.6 98 Y,,,,https://www.bom.gov.au/climate/data/lists_by_element/alphaNSW_122.txt
BOM CDO station list,,122,Maximum Air temperature,66059,TERREY HILLS AWS,-33.6908,151.2253,True,True,Sep 2004 Apr 2026 21.7 98 Y,,,,https://www.bom.gov.au/climate/data/lists_by_element/alphaNSW_122.txt
BOM CDO station list,,5,Dew Point (Humidity),66156,MACQUARIE PARK (WILLANDRA VILLAGE),-33.7791,151.1121,False,True,Jan 1982 Oct 1995 8.5 48 1.1 N,,,,https://www.bom.gov.au/climate/data/lists_by_element/alphaNSW_5.txt
BOM CDO station list,,5,Dew Point (Humidity),66193,MARSFIELD (MACQUARIE UNIVERSITY NO:2),-33.7654,151.1176,False,True,Mar 1994 Oct 1995 1.7 90 1.0 Y,,,,https://www.bom.gov.au/climate/data/lists_by_element/alphaNSW_5.txt
BOM CDO station list,,5,Dew Point (Humidity),66131,RIVERVIEW OBSERVATORY,-33.8258,151.1556,False,True,Mar 1962 Jan 2015 27.9 47 1.4 N,,,,https://www.bom.gov.au/climate/data/lists_by_element/alphaNSW_5.txt
BOM CDO station list,,5,Dew Point (Humidity),66196,SYDNEY HARBOUR (WEDDING CAKE WEST),-33.8405,151.2643,False,True,Mar 1998 Sep 2010 0.8 1 1.1 Y,,,,https://www.bom.gov.au/climate/data/lists_by_element/alphaNSW_5.txt
BOM CDO station list,,5,Dew Point (Humidity),66214,SYDNEY (OBSERVATORY HILL),-33.8593,151.2048,False,True,Oct 2017 Apr 2026 8.6 99 18.5 Y,,,,https://www.bom.gov.au/climate/data/lists_by_element/alphaNSW_5.txt
BOM CDO station list,,5,Dew Point (Humidity),66059,TERREY HILLS AWS,-33.6908,151.2253,True,True,Sep 2004 Apr 2026 21.7 99 17.3 Y,,,,https://www.bom.gov.au/climate/data/lists_by_element/alphaNSW_5.txt
BOM CDO station list,,125,Evaporation,66156,MACQUARIE PARK (WILLANDRA VILLAGE),-33.7791,151.1121,False,True,Jan 1982 Oct 1995 7.8 42 N,,,,https://www.bom.gov.au/climate/data/lists_by_element/alphaNSW_125.txt
BOM CDO station list,,125,Evaporation,66131,RIVERVIEW OBSERVATORY,-33.8258,151.1556,False,True,Nov 1993 Jan 2015 21.2 89 N,,,,https://www.bom.gov.au/climate/data/lists_by_element/alphaNSW_125.txt
BOM CDO station list,,126,Evaporimeter (Max Water Temp),66156,MACQUARIE PARK (WILLANDRA VILLAGE),-33.7791,151.1121,False,True,Jan 1982 Oct 1995 5.2 26 N,,,,https://www.bom.gov.au/climate/data/lists_by_element/alphaNSW_126.txt
BOM CDO station list,,126,Evaporimeter (Max Water Temp),66131,RIVERVIEW OBSERVATORY,-33.8258,151.1556,False,True,Nov 1993 Mar 2003 9.4 90 N,,,,https://www.bom.gov.au/climate/data/lists_by_element/alphaNSW_126.txt
BOM CDO station list,,7,Wind Speed,66022,FORT DENISON,-33.8551,151.2254,False,True,Aug 1998 Apr 2026 27.8 99 22.0 Y,,,,https://www.bom.gov.au/climate/data/lists_by_element/alphaNSW_7.txt
BOM CDO station list,,7,Wind Speed,66156,MACQUARIE PARK (WILLANDRA VILLAGE),-33.7791,151.1121,False,True,Feb 1971 Oct 1995 19.3 71 1.6 N,,,,https://www.bom.gov.au/climate/data/lists_by_element/alphaNSW_7.txt
BOM CDO station list,,7,Wind Speed,66197,MANLY (NORTH HEAD),-33.8152,151.2986,True,True,Feb 1999 Apr 2026 27.3 99 21.9 Y,,,,https://www.bom.gov.au/climate/data/lists_by_element/alphaNSW_7.txt
BOM CDO station list,,7,Wind Speed,66193,MARSFIELD (MACQUARIE UNIVERSITY NO:2),-33.7654,151.1176,False,True,Mar 1994 Oct 1995 1.7 90 1.0 Y,,,,https://www.bom.gov.au/climate/data/lists_by_element/alphaNSW_7.txt
BOM CDO station list,,7,Wind Speed,66199,MIDDLE HEAD,-33.8283,151.2636,False,True,Feb 1999 Mar 2001 2.2 94 23.2 Y,,,,https://www.bom.gov.au/climate/data/lists_by_element/alphaNSW_7.txt
BOM CDO station list,,7,Wind Speed,66131,RIVERVIEW OBSERVATORY,-33.8258,151.1556,False,True,Mar 1962 Jan 2015 30.4 50 1.4 N,,,,https://www.bom.gov.au/climate/data/lists_by_element/alphaNSW_7.txt
BOM CDO station list,,7,Wind Speed,66201,SOUTH HEAD,-33.8361,151.28,False,True,Feb 1999 Mar 2001 2.2 94 23.2 Y,,,,https://www.bom.gov.au/climate/data/lists_by_element/alphaNSW_7.txt
BOM CDO station list,,7,Wind Speed,66203,SYDNEY HARBOUR (BOMBORA),-33.8167,151.2722,False,True,Mar 1999 Oct 2000 1.5 54 21.1 Y,,,,https://www.bom.gov.au/climate/data/lists_by_element/alphaNSW_7.txt
BOM CDO station list,,7,Wind Speed,66202,SYDNEY HARBOUR (CANNAE POINT),-33.8153,151.2842,False,True,Feb 1999 Mar 2001 2.2 91 22.8 Y,,,,https://www.bom.gov.au/climate/data/lists_by_element/alphaNSW_7.txt
BOM CDO station list,,7,Wind Speed,66196,SYDNEY HARBOUR (WEDDING CAKE WEST),-33.8405,151.2643,False,True,Sep 1997 Apr 2026 25.6 88 21.1 Y,,,,https://www.bom.gov.au/climate/data/lists_by_element/alphaNSW_7.txt
BOM CDO station list,,7,Wind Speed,66059,TERREY HILLS AWS,-33.6908,151.2253,True,True,Sep 2004 Apr 2026 21.7 99 17.3 Y,,,,https://www.bom.gov.au/climate/data/lists_by_element/alphaNSW_7.txt
BOM CDO station list,,131,Maximum Wind Gust Speed,66022,FORT DENISON,-33.8551,151.2254,False,True,Oct 2010 Apr 2026 15.6 97 Y,,,,https://www.bom.gov.au/climate/data/lists_by_element/alphaNSW_131.txt
BOM CDO station list,,131,Maximum Wind Gust Speed,66197,MANLY (NORTH HEAD),-33.8152,151.2986,True,True,Oct 2010 Apr 2026 15.6 96 Y,,,,https://www.bom.gov.au/climate/data/lists_by_element/alphaNSW_131.txt
BOM CDO station list,,131,Maximum Wind Gust Speed,66131,RIVERVIEW OBSERVATORY,-33.8258,151.1556,False,True,Mar 1994 Feb 1997 3.0 93 N,,,,https://www.bom.gov.au/climate/data/lists_by_element/alphaNSW_131.txt
BOM CDO station list,,131,Maximum Wind Gust Speed,66196,SYDNEY HARBOUR (WEDDING CAKE WEST),-33.8405,151.2643,False,True,Jun 2003 Apr 2026 19.8 84 Y,,,,https://www.bom.gov.au/climate/data/lists_by_element/alphaNSW_131.txt
BOM CDO station list,,131,Maximum Wind Gust Speed,66059,TERREY HILLS AWS,-33.6908,151.2253,True,True,Sep 2004 Apr 2026 21.7 97 Y,,,,https://www.bom.gov.au/climate/data/lists_by_element/alphaNSW_131.txt
BOM CDO station list,,128,Wind Run (Below 3m),66156,MACQUARIE PARK (WILLANDRA VILLAGE),-33.7791,151.1121,False,True,Jan 1982 Oct 1995 13.3 71 N,,,,https://www.bom.gov.au/climate/data/lists_by_element/alphaNSW_128.txt
BOM CDO station list,,128,Wind Run (Below 3m),66131,RIVERVIEW OBSERVATORY,-33.8258,151.1556,False,True,Nov 1993 May 1999 5.6 99 N,,,,https://www.bom.gov.au/climate/data/lists_by_element/alphaNSW_128.txt
BOM CDO station list,,129,Wind Run (Above 3m),66022,FORT DENISON,-33.8551,151.2254,False,True,Oct 2010 Apr 2026 15.6 96 Y,,,,https://www.bom.gov.au/climate/data/lists_by_element/alphaNSW_129.txt
BOM CDO station list,,129,Wind Run (Above 3m),66156,MACQUARIE PARK (WILLANDRA VILLAGE),-33.7791,151.1121,False,True,Jan 1982 Jun 1989 6.5 53 N,,,,https://www.bom.gov.au/climate/data/lists_by_element/alphaNSW_129.txt
BOM CDO station list,,129,Wind Run (Above 3m),66197,MANLY (NORTH HEAD),-33.8152,151.2986,True,True,Oct 2010 Apr 2026 15.6 96 Y,,,,https://www.bom.gov.au/climate/data/lists_by_element/alphaNSW_129.txt
BOM CDO station list,,129,Wind Run (Above 3m),66196,SYDNEY HARBOUR (WEDDING CAKE WEST),-33.8405,151.2643,False,True,Jun 2003 Apr 2026 19.8 84 Y,,,,https://www.bom.gov.au/climate/data/lists_by_element/alphaNSW_129.txt
BOM CDO station list,,129,Wind Run (Above 3m),66059,TERREY HILLS AWS,-33.6908,151.2253,True,True,Sep 2004 Apr 2026 21.7 96 Y,,,,https://www.bom.gov.au/climate/data/lists_by_element/alphaNSW_129.txt
BOM CDO station list,ERROR,200,Solar Radiation,,,,,,,HTTP Error 404: Not Found,,,,https://www.bom.gov.au/climate/data/lists_by_element/alphaAUS_200.txt
BOM CDO station list,,12,Cloud (Total Amount),66156,MACQUARIE PARK (WILLANDRA VILLAGE),-33.7791,151.1121,False,True,Feb 1971 Oct 1995 19.3 71 1.6 N,,,,https://www.bom.gov.au/climate/data/lists_by_element/alphaNSW_12.txt
BOM CDO station list,,12,Cloud (Total Amount),66193,MARSFIELD (MACQUARIE UNIVERSITY NO:2),-33.7654,151.1176,False,True,Mar 1994 Oct 1995 1.7 90 1.0 Y,,,,https://www.bom.gov.au/climate/data/lists_by_element/alphaNSW_12.txt
BOM CDO station list,,12,Cloud (Total Amount),66131,RIVERVIEW OBSERVATORY,-33.8258,151.1556,False,True,Mar 1962 Jan 2015 30.4 51 1.4 N,,,,https://www.bom.gov.au/climate/data/lists_by_element/alphaNSW_12.txt
BOM CDO station list,,12,Cloud (Total Amount),66196,SYDNEY HARBOUR (WEDDING CAKE WEST),-33.8405,151.2643,False,True,Feb 2010 Sep 2010 0.5 4 1.0 Y,,,,https://www.bom.gov.au/climate/data/lists_by_element/alphaNSW_12.txt
BOM CDO station list,,124,Ground (Terrestrial) MinimumTemperature,66156,MACQUARIE PARK (WILLANDRA VILLAGE),-33.7791,151.1121,False,True,Feb 1971 Oct 1995 15.1 57 N,,,,https://www.bom.gov.au/climate/data/lists_by_element/alphaNSW_124.txt
BOM CDO station list,,124,Ground (Terrestrial) MinimumTemperature,66193,MARSFIELD (MACQUARIE UNIVERSITY NO:2),-33.7654,151.1176,False,True,Mar 1994 Oct 1995 1.7 89 Y,,,,https://www.bom.gov.au/climate/data/lists_by_element/alphaNSW_124.txt
BOM CDO station list,,124,Ground (Terrestrial) MinimumTemperature,66131,RIVERVIEW OBSERVATORY,-33.8258,151.1556,False,True,Apr 1962 Jan 2015 27.4 46 N,,,,https://www.bom.gov.au/climate/data/lists_by_element/alphaNSW_124.txt
BOM CDO station list,,31,Soil Temperature (10cm Depth),66131,RIVERVIEW OBSERVATORY,-33.8258,151.1556,False,True,Dec 1999 May 2011 0.3 0 1.0 N,,,,https://www.bom.gov.au/climate/data/lists_by_element/alphaNSW_31.txt
BOM CDO station list,,2,Mean Sea Level Pressure,66131,RIVERVIEW OBSERVATORY,-33.8258,151.1556,False,True,Mar 1962 Feb 1972 9.1 75 1.7 N,,,,https://www.bom.gov.au/climate/data/lists_by_element/alphaNSW_2.txt
BOM CDO station list,,2,Mean Sea Level Pressure,66214,SYDNEY (OBSERVATORY HILL),-33.8593,151.2048,False,True,Aug 2020 Apr 2026 5.8 98 23.7 Y,,,,https://www.bom.gov.au/climate/data/lists_by_element/alphaNSW_2.txt
BOM National Flood Gauge Network,Rain gauge locations,,Rain gauge locations,44078,Chatswood,-33.801000001241036,151.18029999838097,False,True,"{""agency"": ""Bureau of Meteorology"", ""awrc_stateid"": null, ""basin"": ""Sydney Coast-Georges River"", ""bom_stn_num"": 66011, ""featreal"": 1769954400000, ""forecast_site_classification"": ""data"", ""lat"": -33.801, ""location_types"": ""rain gauge;"", ""long"": 151.1803, ""name"": ""Chatswood"", ""objectid"": 44078, ""state"": ""NSW""}",Bureau of Meteorology,rain gauge;,,https://hosting.wsapi.cloud.bom.gov.au/arcgis/rest/services/flood/National_Flood_Gauge_Network/FeatureServer/4/query?f=geojson&where=1%3D1&outFields=%2A&geometry=151.1%2C-33.86%2C151.37%2C-33.54&geometryType=esriGeometryEnvelope&inSR=4326&spatialRel=esriSpatialRelIntersects&outSR=4326&returnGeometry=true
BOM National Flood Gauge Network,Rain gauge locations,,Rain gauge locations,44086,Terrey Hills AWS,-33.69080000132715,151.22529999831997,True,True,"{""agency"": ""Bureau of Meteorology"", ""awrc_stateid"": null, ""basin"": ""Sydney Coast-Georges River"", ""bom_stn_num"": 66059, ""featreal"": 1769954400000, ""forecast_site_classification"": ""data"", ""lat"": -33.6908, ""location_types"": ""rain gauge;"", ""long"": 151.2253, ""name"": ""Terrey Hills AWS"", ""objectid"": 44086, ""state"": ""NSW""}",Bureau of Meteorology,rain gauge;,,https://hosting.wsapi.cloud.bom.gov.au/arcgis/rest/services/flood/National_Flood_Gauge_Network/FeatureServer/4/query?f=geojson&where=1%3D1&outFields=%2A&geometry=151.1%2C-33.86%2C151.37%2C-33.54&geometryType=esriGeometryEnvelope&inSR=4326&spatialRel=esriSpatialRelIntersects&outSR=4326&returnGeometry=true
BOM National Flood Gauge Network,Rain gauge locations,,Rain gauge locations,44091,Mona Vale,-33.67950000136293,151.30759999829576,True,True,"{""agency"": ""Bureau of Meteorology"", ""awrc_stateid"": null, ""basin"": ""Sydney Coast-Georges River"", ""bom_stn_num"": 66141, ""featreal"": 1769954400000, ""forecast_site_classification"": ""data"", ""lat"": -33.6795, ""location_types"": ""rain gauge;"", ""long"": 151.3076, ""name"": ""Mona Vale"", ""objectid"": 44091, ""state"": ""NSW""}",Bureau of Meteorology,rain gauge;,,https://hosting.wsapi.cloud.bom.gov.au/arcgis/rest/services/flood/National_Flood_Gauge_Network/FeatureServer/4/query?f=geojson&where=1%3D1&outFields=%2A&geometry=151.1%2C-33.86%2C151.37%2C-33.54&geometryType=esriGeometryEnvelope&inSR=4326&spatialRel=esriSpatialRelIntersects&outSR=4326&returnGeometry=true
BOM National Flood Gauge Network,Rain gauge locations,,Rain gauge locations,44092,Duffys Forest (Namba),-33.676100001321466,151.18179999832333,True,True,"{""agency"": ""Bureau of Meteorology"", ""awrc_stateid"": null, ""basin"": ""Hawkesbury River"", ""bom_stn_num"": 66142, ""featreal"": 1769954400000, ""forecast_site_classification"": ""data"", ""lat"": -33.6761, ""location_types"": ""rain gauge;"", ""long"": 151.1818, ""name"": ""Duffys Forest (Namba)"", ""objectid"": 44092, ""state"": ""NSW""}",Bureau of Meteorology,rain gauge;,,https://hosting.wsapi.cloud.bom.gov.au/arcgis/rest/services/flood/National_Flood_Gauge_Network/FeatureServer/4/query?f=geojson&where=1%3D1&outFields=%2A&geometry=151.1%2C-33.86%2C151.37%2C-33.54&geometryType=esriGeometryEnvelope&inSR=4326&spatialRel=esriSpatialRelIntersects&outSR=4326&returnGeometry=true
BOM National Flood Gauge Network,Rain gauge locations,,Rain gauge locations,44098,Wahroonga (Ada Avenue),-33.72420000126729,151.11439999836108,False,True,"{""agency"": ""Bureau of Meteorology"", ""awrc_stateid"": null, ""basin"": ""Sydney Coast-Georges River"", ""bom_stn_num"": 66211, ""featreal"": 1769954400000, ""forecast_site_classification"": ""data"", ""lat"": -33.7242, ""location_types"": ""rain gauge;"", ""long"": 151.1144, ""name"": ""Wahroonga (Ada Avenue)"", ""objectid"": 44098, ""state"": ""NSW""}",Bureau of Meteorology,rain gauge;,,https://hosting.wsapi.cloud.bom.gov.au/arcgis/rest/services/flood/National_Flood_Gauge_Network/FeatureServer/4/query?f=geojson&where=1%3D1&outFields=%2A&geometry=151.1%2C-33.86%2C151.37%2C-33.54&geometryType=esriGeometryEnvelope&inSR=4326&spatialRel=esriSpatialRelIntersects&outSR=4326&returnGeometry=true
BOM National Flood Gauge Network,Rain gauge locations,,Rain gauge locations,44100,North Ryde,-33.80050000122054,151.12009999839478,False,True,"{""agency"": ""Local Land Services"", ""awrc_stateid"": null, ""basin"": ""Sydney Coast-Georges River"", ""bom_stn_num"": 66213, ""featreal"": 1769954400000, ""forecast_site_classification"": ""data"", ""lat"": -33.8005, ""location_types"": ""rain gauge;"", ""long"": 151.1201, ""name"": ""North Ryde"", ""objectid"": 44100, ""state"": ""NSW""}",Local Land Services,rain gauge;,,https://hosting.wsapi.cloud.bom.gov.au/arcgis/rest/services/flood/National_Flood_Gauge_Network/FeatureServer/4/query?f=geojson&where=1%3D1&outFields=%2A&geometry=151.1%2C-33.86%2C151.37%2C-33.54&geometryType=esriGeometryEnvelope&inSR=4326&spatialRel=esriSpatialRelIntersects&outSR=4326&returnGeometry=true
BOM National Flood Gauge Network,Rain gauge locations,,Rain gauge locations,44101,Sydney (Observatory Hill),-33.85930000121225,151.204799998402,False,True,"{""agency"": ""Bureau of Meteorology"", ""awrc_stateid"": null, ""basin"": ""Sydney Coast-Georges River"", ""bom_stn_num"": 66214, ""featreal"": 1769954400000, ""forecast_site_classification"": ""data"", ""lat"": -33.8593, ""location_types"": ""rain gauge;"", ""long"": 151.2048, ""name"": ""Sydney (Observatory Hill)"", ""objectid"": 44101, ""state"": ""NSW""}",Bureau of Meteorology,rain gauge;,,https://hosting.wsapi.cloud.bom.gov.au/arcgis/rest/services/flood/National_Flood_Gauge_Network/FeatureServer/4/query?f=geojson&where=1%3D1&outFields=%2A&geometry=151.1%2C-33.86%2C151.37%2C-33.54&geometryType=esriGeometryEnvelope&inSR=4326&spatialRel=esriSpatialRelIntersects&outSR=4326&returnGeometry=true
BOM National Flood Gauge Network,Rain gauge locations,,Rain gauge locations,48182,Allambie,-33.75970000129236,151.25219999834525,True,True,"{""agency"": ""Office of Environment and Heritage"", ""awrc_stateid"": null, ""basin"": ""Sydney Coast-Georges River"", ""bom_stn_num"": 566056, ""featreal"": 1769954400000, ""forecast_site_classification"": ""data"", ""lat"": -33.7597, ""location_types"": ""rain gauge;"", ""long"": 151.2522, ""name"": ""Allambie"", ""objectid"": 48182, ""state"": ""NSW""}",Office of Environment and Heritage,rain gauge;,,https://hosting.wsapi.cloud.bom.gov.au/arcgis/rest/services/flood/National_Flood_Gauge_Network/FeatureServer/4/query?f=geojson&where=1%3D1&outFields=%2A&geometry=151.1%2C-33.86%2C151.37%2C-33.54&geometryType=esriGeometryEnvelope&inSR=4326&spatialRel=esriSpatialRelIntersects&outSR=4326&returnGeometry=true
BOM National Flood Gauge Network,Rain gauge locations,,Rain gauge locations,48186,Avalon,-33.64080000139507,151.3287999982732,True,True,"{""agency"": ""Office of Environment and Heritage"", ""awrc_stateid"": null, ""basin"": ""Hawkesbury River"", ""bom_stn_num"": 566061, ""featreal"": 1769954400000, ""forecast_site_classification"": ""data"", ""lat"": -33.6408, ""location_types"": ""rain gauge;"", ""long"": 151.3288, ""name"": ""Avalon"", ""objectid"": 48186, ""state"": ""NSW""}",Office of Environment and Heritage,rain gauge;,,https://hosting.wsapi.cloud.bom.gov.au/arcgis/rest/services/flood/National_Flood_Gauge_Network/FeatureServer/4/query?f=geojson&where=1%3D1&outFields=%2A&geometry=151.1%2C-33.86%2C151.37%2C-33.54&geometryType=esriGeometryEnvelope&inSR=4326&spatialRel=esriSpatialRelIntersects&outSR=4326&returnGeometry=true
BOM National Flood Gauge Network,Rain gauge locations,,Rain gauge locations,48189,Belrose,-33.74060000129015,151.21049999834617,True,True,"{""agency"": ""Office of Environment and Heritage"", ""awrc_stateid"": null, ""basin"": ""Sydney Coast-Georges River"", ""bom_stn_num"": 566066, ""featreal"": 1769954400000, ""forecast_site_classification"": ""data"", ""lat"": -33.7406, ""location_types"": ""rain gauge;"", ""long"": 151.2105, ""name"": ""Belrose"", ""objectid"": 48189, ""state"": ""NSW""}",Office of Environment and Heritage,rain gauge;,,https://hosting.wsapi.cloud.bom.gov.au/arcgis/rest/services/flood/National_Flood_Gauge_Network/FeatureServer/4/query?f=geojson&where=1%3D1&outFields=%2A&geometry=151.1%2C-33.86%2C151.37%2C-33.54&geometryType=esriGeometryEnvelope&inSR=4326&spatialRel=esriSpatialRelIntersects&outSR=4326&returnGeometry=true
BOM National Flood Gauge Network,Rain gauge locations,,Rain gauge locations,48190,Cromer,-33.74170000131759,151.29169999832789,True,True,"{""agency"": ""Office of Environment and Heritage"", ""awrc_stateid"": null, ""basin"": ""Sydney Coast-Georges River"", ""bom_stn_num"": 566067, ""featreal"": 1769954400000, ""forecast_site_classification"": ""data"", ""lat"": -33.7417, ""location_types"": ""rain gauge;"", ""long"": 151.2917, ""name"": ""Cromer"", ""objectid"": 48190, ""state"": ""NSW""}",Office of Environment and Heritage,rain gauge;,,https://hosting.wsapi.cloud.bom.gov.au/arcgis/rest/services/flood/National_Flood_Gauge_Network/FeatureServer/4/query?f=geojson&where=1%3D1&outFields=%2A&geometry=151.1%2C-33.86%2C151.37%2C-33.54&geometryType=esriGeometryEnvelope&inSR=4326&spatialRel=esriSpatialRelIntersects&outSR=4326&returnGeometry=true
BOM National Flood Gauge Network,Rain gauge locations,,Rain gauge locations,48191,Mona Vale,-33.6707000013664,151.30139999829316,True,True,"{""agency"": ""Office of Environment and Heritage"", ""awrc_stateid"": null, ""basin"": ""Hawkesbury River"", ""bom_stn_num"": 566068, ""featreal"": 1769954400000, ""forecast_site_classification"": ""data"", ""lat"": -33.6707, ""location_types"": ""rain gauge;"", ""long"": 151.3014, ""name"": ""Mona Vale"", ""objectid"": 48191, ""state"": ""NSW""}",Office of Environment and Heritage,rain gauge;,,https://hosting.wsapi.cloud.bom.gov.au/arcgis/rest/services/flood/National_Flood_Gauge_Network/FeatureServer/4/query?f=geojson&where=1%3D1&outFields=%2A&geometry=151.1%2C-33.86%2C151.37%2C-33.54&geometryType=esriGeometryEnvelope&inSR=4326&spatialRel=esriSpatialRelIntersects&outSR=4326&returnGeometry=true
BOM National Flood Gauge Network,Rain gauge locations,,Rain gauge locations,48192,North Manly,-33.786700001281226,151.26999999835354,True,True,"{""agency"": ""Office of Environment and Heritage"", ""awrc_stateid"": null, ""basin"": ""Sydney Coast-Georges River"", ""bom_stn_num"": 566069, ""featreal"": 1769954400000, ""forecast_site_classification"": ""data"", ""lat"": -33.7867, ""location_types"": ""rain gauge;"", ""long"": 151.27, ""name"": ""North Manly"", ""objectid"": 48192, ""state"": ""NSW""}",Office of Environment and Heritage,rain gauge;,,https://hosting.wsapi.cloud.bom.gov.au/arcgis/rest/services/flood/National_Flood_Gauge_Network/FeatureServer/4/query?f=geojson&where=1%3D1&outFields=%2A&geometry=151.1%2C-33.86%2C151.37%2C-33.54&geometryType=esriGeometryEnvelope&inSR=4326&spatialRel=esriSpatialRelIntersects&outSR=4326&returnGeometry=true
BOM National Flood Gauge Network,Rain gauge locations,,Rain gauge locations,48195,Forestville,-33.7626000012761,151.21059999835632,True,True,"{""agency"": ""Office of Environment and Heritage"", ""awrc_stateid"": null, ""basin"": ""Sydney Coast-Georges River"", ""bom_stn_num"": 566080, ""featreal"": 1769954400000, ""forecast_site_classification"": ""data"", ""lat"": -33.7626, ""location_types"": ""rain gauge;"", ""long"": 151.2106, ""name"": ""Forestville"", ""objectid"": 48195, ""state"": ""NSW""}",Office of Environment and Heritage,rain gauge;,,https://hosting.wsapi.cloud.bom.gov.au/arcgis/rest/services/flood/National_Flood_Gauge_Network/FeatureServer/4/query?f=geojson&where=1%3D1&outFields=%2A&geometry=151.1%2C-33.86%2C151.37%2C-33.54&geometryType=esriGeometryEnvelope&inSR=4326&spatialRel=esriSpatialRelIntersects&outSR=4326&returnGeometry=true
BOM National Flood Gauge Network,Rain gauge locations,,Rain gauge locations,48196,Manly Cbd,-33.79560000128069,151.2847999983541,True,True,"{""agency"": ""Office of Environment and Heritage"", ""awrc_stateid"": null, ""basin"": ""Sydney Coast-Georges River"", ""bom_stn_num"": 566081, ""featreal"": 1769954400000, ""forecast_site_classification"": ""data"", ""lat"": -33.7956, ""location_types"": ""rain gauge;"", ""long"": 151.2848, ""name"": ""Manly Cbd"", ""objectid"": 48196, ""state"": ""NSW""}",Office of Environment and Heritage,rain gauge;,,https://hosting.wsapi.cloud.bom.gov.au/arcgis/rest/services/flood/National_Flood_Gauge_Network/FeatureServer/4/query?f=geojson&where=1%3D1&outFields=%2A&geometry=151.1%2C-33.86%2C151.37%2C-33.54&geometryType=esriGeometryEnvelope&inSR=4326&spatialRel=esriSpatialRelIntersects&outSR=4326&returnGeometry=true
BOM National Flood Gauge Network,Rain gauge locations,,Rain gauge locations,48198,Mosman (Spit Bridge),-33.80430000126155,151.24559999836725,False,True,"{""agency"": ""Office of Environment and Heritage"", ""awrc_stateid"": null, ""basin"": ""Sydney Coast-Georges River"", ""bom_stn_num"": 566083, ""featreal"": 1769954400000, ""forecast_site_classification"": ""data"", ""lat"": -33.8043, ""location_types"": ""rain gauge;"", ""long"": 151.2456, ""name"": ""Mosman (Spit Bridge)"", ""objectid"": 48198, ""state"": ""NSW""}",Office of Environment and Heritage,rain gauge;,,https://hosting.wsapi.cloud.bom.gov.au/arcgis/rest/services/flood/National_Flood_Gauge_Network/FeatureServer/4/query?f=geojson&where=1%3D1&outFields=%2A&geometry=151.1%2C-33.86%2C151.37%2C-33.54&geometryType=esriGeometryEnvelope&inSR=4326&spatialRel=esriSpatialRelIntersects&outSR=4326&returnGeometry=true
BOM National Flood Gauge Network,Rain gauge locations,,Rain gauge locations,49249,Abbotsford (Blackwall Point Rd),-33.85070000119173,151.12949999841567,False,True,"{""agency"": ""Bureau of Meteorology"", ""awrc_stateid"": null, ""basin"": ""Sydney Coast-Georges River"", ""bom_stn_num"": 66034, ""featreal"": 1769954400000, ""forecast_site_classification"": ""data"", ""lat"": -33.8507, ""location_types"": ""rain gauge;"", ""long"": 151.1295, ""name"": ""Abbotsford (Blackwall Point Rd)"", ""objectid"": 49249, ""state"": ""NSW""}",Bureau of Meteorology,rain gauge;,,https://hosting.wsapi.cloud.bom.gov.au/arcgis/rest/services/flood/National_Flood_Gauge_Network/FeatureServer/4/query?f=geojson&where=1%3D1&outFields=%2A&geometry=151.1%2C-33.86%2C151.37%2C-33.54&geometryType=esriGeometryEnvelope&inSR=4326&spatialRel=esriSpatialRelIntersects&outSR=4326&returnGeometry=true
BOM National Flood Gauge Network,Rain gauge locations,,Rain gauge locations,49251,Long Reef Golf Club,-33.74070000132375,151.30769999832367,True,True,"{""agency"": ""Bureau of Meteorology"", ""awrc_stateid"": null, ""basin"": ""Sydney Coast-Georges River"", ""bom_stn_num"": 66126, ""featreal"": 1769954400000, ""forecast_site_classification"": ""data"", ""lat"": -33.7407, ""location_types"": ""rain gauge;"", ""long"": 151.3077, ""name"": ""Long Reef Golf Club"", ""objectid"": 49251, ""state"": ""NSW""}",Bureau of Meteorology,rain gauge;,,https://hosting.wsapi.cloud.bom.gov.au/arcgis/rest/services/flood/National_Flood_Gauge_Network/FeatureServer/4/query?f=geojson&where=1%3D1&outFields=%2A&geometry=151.1%2C-33.86%2C151.37%2C-33.54&geometryType=esriGeometryEnvelope&inSR=4326&spatialRel=esriSpatialRelIntersects&outSR=4326&returnGeometry=true
BOM National Flood Gauge Network,Rain gauge locations,,Rain gauge locations,49394,Great Mackeral Beach,-33.59040000141762,151.30079999825665,True,True,"{""agency"": ""Water NSW"", ""awrc_stateid"": null, ""basin"": ""Hawkesbury River"", ""bom_stn_num"": 566041, ""featreal"": 1769954400000, ""forecast_site_classification"": ""data"", ""lat"": -33.5904, ""location_types"": ""rain gauge;"", ""long"": 151.3008, ""name"": ""Great Mackeral Beach"", ""objectid"": 49394, ""state"": ""NSW""}",Water NSW,rain gauge;,,https://hosting.wsapi.cloud.bom.gov.au/arcgis/rest/services/flood/National_Flood_Gauge_Network/FeatureServer/4/query?f=geojson&where=1%3D1&outFields=%2A&geometry=151.1%2C-33.86%2C151.37%2C-33.54&geometryType=esriGeometryEnvelope&inSR=4326&spatialRel=esriSpatialRelIntersects&outSR=4326&returnGeometry=true
BOM National Flood Gauge Network,River and Tide gauge locations,,River and Tide gauge locations,44080,Fort Denison (NTC),-33.85510000122205,151.2253999983952,False,True,"{""agency"": ""Bureau of Meteorology"", ""awrc_stateid"": null, ""basin"": ""Sydney Coast-Georges River"", ""bom_stn_num"": 66022, ""featreal"": 1769954400000, ""forecast_site_classification"": ""data"", ""lat"": -33.8551, ""location_types"": ""tide gauge;"", ""long"": 151.2254, ""name"": ""Fort Denison (NTC)"", ""objectid"": 44080, ""state"": ""NSW""}",Bureau of Meteorology,tide gauge;,,https://hosting.wsapi.cloud.bom.gov.au/arcgis/rest/services/flood/National_Flood_Gauge_Network/FeatureServer/5/query?f=geojson&where=1%3D1&outFields=%2A&geometry=151.1%2C-33.86%2C151.37%2C-33.54&geometryType=esriGeometryEnvelope&inSR=4326&spatialRel=esriSpatialRelIntersects&outSR=4326&returnGeometry=true
BOM National Flood Gauge Network,River and Tide gauge locations,,River and Tide gauge locations,48046,Patonga (Tide Gauge),-33.55080000143397,151.27469999824459,False,True,"{""agency"": ""Office of Environment and Heritage"", ""awrc_stateid"": ""212440"", ""basin"": ""Hawkesbury River"", ""bom_stn_num"": 561149, ""featreal"": 1769954400000, ""forecast_site_classification"": ""data"", ""lat"": -33.5508, ""location_types"": ""water level gauge;tide gauge;"", ""long"": 151.2747, ""name"": ""Patonga (Tide Gauge)"", ""objectid"": 48046, ""state"": ""NSW""}",Office of Environment and Heritage,water level gauge;tide gauge;,,https://hosting.wsapi.cloud.bom.gov.au/arcgis/rest/services/flood/National_Flood_Gauge_Network/FeatureServer/5/query?f=geojson&where=1%3D1&outFields=%2A&geometry=151.1%2C-33.86%2C151.37%2C-33.54&geometryType=esriGeometryEnvelope&inSR=4326&spatialRel=esriSpatialRelIntersects&outSR=4326&returnGeometry=true
BOM National Flood Gauge Network,River and Tide gauge locations,,River and Tide gauge locations,48193,Sydney Port Jackson,-33.825400001252504,151.25849999837385,False,True,"{""agency"": ""Office of Environment and Heritage"", ""awrc_stateid"": ""213470"", ""basin"": ""Sydney Coast-Georges River"", ""bom_stn_num"": 566070, ""featreal"": 1769954400000, ""forecast_site_classification"": ""data"", ""lat"": -33.8254, ""location_types"": ""water level gauge;tide gauge;"", ""long"": 151.2585, ""name"": ""Sydney Port Jackson"", ""objectid"": 48193, ""state"": ""NSW""}",Office of Environment and Heritage,water level gauge;tide gauge;,,https://hosting.wsapi.cloud.bom.gov.au/arcgis/rest/services/flood/National_Flood_Gauge_Network/FeatureServer/5/query?f=geojson&where=1%3D1&outFields=%2A&geometry=151.1%2C-33.86%2C151.37%2C-33.54&geometryType=esriGeometryEnvelope&inSR=4326&spatialRel=esriSpatialRelIntersects&outSR=4326&returnGeometry=true
BOM National Flood Gauge Network,River and Tide gauge locations,,River and Tide gauge locations,48200,Ocean St (Narrabeen Lagoon),-33.703600001346445,151.3046999983074,True,True,"{""agency"": ""Office of Environment and Heritage"", ""awrc_stateid"": ""213408D"", ""basin"": ""Sydney Coast-Georges River"", ""bom_stn_num"": 566086, ""featreal"": 1769954400000, ""forecast_site_classification"": ""data"", ""lat"": -33.7036, ""location_types"": ""water level gauge;"", ""long"": 151.3047, ""name"": ""Ocean St (Narrabeen Lagoon)"", ""objectid"": 48200, ""state"": ""NSW""}",Office of Environment and Heritage,water level gauge;,,https://hosting.wsapi.cloud.bom.gov.au/arcgis/rest/services/flood/National_Flood_Gauge_Network/FeatureServer/5/query?f=geojson&where=1%3D1&outFields=%2A&geometry=151.1%2C-33.86%2C151.37%2C-33.54&geometryType=esriGeometryEnvelope&inSR=4326&spatialRel=esriSpatialRelIntersects&outSR=4326&returnGeometry=true
