status,station_no,station_name,lat,lon,days_since_last_data,last_data_at,first_data_at,data_owner
candidate_recent,570823,Gordon Bore (BMR No. L10) Pluviograph,-35.46180556,149.09061111,-9400.6,2052-01-01T01:00:01.000+10:00,1995-05-24T12:46:00.000+10:00,"ACT - Environment, Planning and Sustainable Development Directorate"
candidate_recent,222209,SNOWY RIVER @ MCKILLOP BRIDGE,-37.08362756,148.4132551,279.1,2025-07-01T10:00:01.000+10:00,1992-11-06T18:46:59.000+10:00,"VIC - Department of Energy, Environment and Climate Action"
candidate_recent,568171,ALBION PARK BOWLING CLUB,-34.5703,150.7684,279.2,2025-07-01T06:05:20.000+10:00,1990-10-31T08:56:00.000+10:00,NSW - Sydney Water Corporation (Sydney Water)
candidate_recent,568162,BALGOWNIE RESERVOIR,-34.3928,150.8703,279.2,2025-07-01T05:54:52.000+10:00,1990-01-03T12:30:00.000+10:00,NSW - Sydney Water Corporation (Sydney Water)
candidate_recent,5CPS02,BELMORE BOWLING CLUB,-33.9182,151.0922,279.2,2025-07-01T06:25:35.000+10:00,2014-08-28T09:00:08.000+10:00,
candidate_recent,568170,BOMBO STP,-34.652,150.86,279.2,2025-07-01T05:59:04.000+10:00,1990-10-02T15:26:00.000+10:00,NSW - Sydney Water Corporation (Sydney Water)
candidate_recent,568172,BULLI BOWLING CLUB (FORMERLY THIRROUL BC),-34.3319,150.9134,279.2,2025-07-01T06:02:01.000+10:00,1990-10-31T13:12:00.000+10:00,NSW - Sydney Water Corporation (Sydney Water)
candidate_recent,568149,CAMDEN (BROWNLOW HILL),-34.0292,150.6575,279.2,2025-07-01T06:07:41.000+10:00,1985-08-01T10:45:00.000+10:00,NSW - Sydney Water Corporation (Sydney Water)
candidate_recent,568147,CAMDEN (CAMDEN PARK RESERVOIR),-34.0996,150.6981,279.2,2025-07-01T05:57:38.000+10:00,1985-08-01T12:30:00.000+10:00,NSW - Sydney Water Corporation (Sydney Water)
candidate_recent,568156,CAMDEN GOLF COURSE,-34.04823588,150.73002589,279.2,2025-07-01T06:03:08.000+10:00,1987-03-23T15:48:00.000+10:00,NSW - Sydney Water Corporation (Sydney Water)
candidate_recent,568179,CAMPBELLTOWN BOWLING CLUB,-34.0658,150.8166,279.2,2025-07-01T06:01:56.000+10:00,1991-10-23T16:52:00.000+10:00,
candidate_recent,568181,FIGTREE BOWLING CLUB,-34.4363,150.8646,279.2,2025-07-01T06:09:38.000+10:00,2000-06-04T23:59:00.000+10:00,NSW - Sydney Water Corporation (Sydney Water)
candidate_recent,568187,JAMBEROO (WOODSTOCK),-34.6407,150.7662,279.2,2025-07-01T06:16:45.000+10:00,1992-09-15T15:47:00.000+10:00,NSW - Sydney Water Corporation (Sydney Water)
candidate_recent,568159,KANAHOOKA SPS1113 FORMERLY KANAHOOKA SPS308,-34.50046667,150.82678333,279.2,2025-07-01T05:56:21.000+10:00,1989-04-04T14:02:00.000+10:00,NSW - Sydney Water Corporation (Sydney Water)
candidate_recent,568188,KIAMA [WATER TANK],-34.6735,150.8434,279.2,2025-07-01T05:51:28.000+10:00,1992-10-29T14:22:00.000+10:00,NSW - Sydney Water Corporation (Sydney Water)
candidate_recent,568168,MENANGLE METEOROLOGICAL STATION.,-34.1235,150.7384,279.2,2025-07-01T05:45:26.000+10:00,1990-07-17T13:30:00.000+10:00,NSW - Sydney Water Corporation (Sydney Water)
candidate_recent,568350,PICTON BOWLING CLUB,-34.166391,150.610981,279.2,2025-07-01T06:16:51.000+10:00,2003-11-07T11:28:04.000+10:00,NSW - Sydney Water Corporation (Sydney Water)
candidate_recent,568119,SHELLHARBOUR STP (COMPOSITE),-34.5688,150.8656,279.2,2025-07-01T06:09:39.000+10:00,1990-08-27T12:04:00.000+10:00,NSW - Sydney Water Corporation (Sydney Water)
candidate_recent,568186,TONGARRA [GLENHAVEN],-34.581,150.718,279.2,2025-07-01T06:02:26.000+10:00,1992-09-07T14:56:00.000+10:00,NSW - Sydney Water Corporation (Sydney Water)
candidate_recent,568044,WARRAGAMBA WATER FILTRATION PLANT,-33.8915,150.5983,279.2,2025-07-01T05:44:01.000+10:00,2003-02-19T12:00:00.000+10:00,NSW - Sydney Water Corporation (Sydney Water)
candidate_recent,567174,WORKERS HUBERTUS CLUB LUDDENHAM,-33.8753,150.71366,279.2,2025-07-01T05:43:46.000+10:00,2024-02-04T03:00:00.000+10:00,
candidate_recent,5GYM02,YOWIE PUBLIC SCHOOL,-34.048652,151.10311,279.2,2025-07-01T06:21:02.000+10:00,2022-11-30T12:00:00.000+10:00,
candidate_recent,568153,BELLAMBI BOWLING CLUB (FORMERLY CORRIMAL),-34.3674,150.9098,279.3,2025-07-01T05:39:03.000+10:00,1987-10-13T15:08:00.000+10:00,NSW - Sydney Water Corporation (Sydney Water)
candidate_recent,568173,BERKELEY (BERKELEY SPORTS AND SOCIAL CLUB),-34.483,150.8473,279.3,2025-07-01T05:29:36.000+10:00,1990-10-31T11:02:00.000+10:00,NSW - Sydney Water Corporation (Sydney Water)
candidate_recent,568180,DAPTO CITIZENS BOWLING CLUB,-34.4998,150.801,279.3,2025-07-01T05:40:28.000+10:00,1991-09-21T09:10:00.000+10:00,NSW - Sydney Water Corporation (Sydney Water)
candidate_recent,568053,PICTON STP,-34.2029,150.6148,279.3,2025-07-01T05:02:25.000+10:00,1998-04-09T14:00:00.000+10:00,NSW - Sydney Water Corporation (Sydney Water)
candidate_recent,5BOS03,RAIN GAUGE @ FAIRFIELD GOLF COURSE,-33.86414416,150.911783101,279.3,2025-07-01T05:28:27.000+10:00,2018-10-18T12:00:00.000+10:00,
candidate_recent,567175,SP1160 MARSDEN PARK,-33.69112,150.80575,279.3,2025-07-01T04:09:36.000+10:00,2023-12-12T07:07:25.000+10:00,
candidate_recent,568351,TAHMOOR (INGHAMS PROCESSING PLANT),-34.2292,150.5921,279.3,2025-07-01T05:33:48.000+10:00,2000-02-29T23:59:00.000+10:00,NSW - Sydney Water Corporation (Sydney Water)
candidate_recent,568352,THIRLMERE (RAIL MUSEUM),-34.2052,150.5707,279.3,2025-07-01T05:39:51.000+10:00,2000-08-14T23:59:00.000+10:00,NSW - Sydney Water Corporation (Sydney Water)
candidate_recent,567176,WALLACIA GOLF CLUB @ WALLACIA,-33.86523,150.64253,279.3,2025-07-01T03:23:47.000+10:00,2024-04-09T08:04:05.000+10:00,
candidate_recent,568130,WEST CAMDEN STP (COMPOSITE),-34.059,150.6809,279.3,2025-07-01T05:37:39.000+10:00,1983-08-11T11:00:00.000+10:00,NSW - Sydney Water Corporation (Sydney Water)
candidate_recent,568136,WOLLONGONG STP,-34.4409,150.8974,279.3,2025-07-01T05:02:38.000+10:00,1998-10-08T13:08:00.000+10:00,NSW - Sydney Water Corporation (Sydney Water)
candidate_recent,5CHL02,Rogan Hill Res Glen Rd Castle Hill (WS0263),-33.73405863,151.0197542,279.4,2025-07-01T03:00:01.000+10:00,2002-07-10T00:00:00.000+10:00,
candidate_recent,072082,BAGO TBRG AT YAVEN CREEK ROAD,-35.552795443,147.982797308,279.6,2025-06-30T20:45:01.000+10:00,2011-12-18T19:55:59.000+10:00,NSW - Water NSW
candidate_recent,412106,BELUBULA RIVER AT CARCOAR DAM-STORAGE GAUGE,-33.6179,149.1776,279.6,2025-06-30T21:45:49.000+10:00,1990-01-01T08:59:59.000+10:00,NSW - Water NSW
candidate_recent,204007,CLARENCE RIVER AT LILYDALE (NEWBOLD CROSSING),-29.507339214,152.683425096,279.6,2025-06-30T20:47:38.000+10:00,1998-06-02T11:59:59.000+10:00,NSW - Water NSW
candidate_recent,204002,CLARENCE RIVER AT TABULAM,-28.886800004,152.567500002,279.6,2025-06-30T20:38:01.000+10:00,1991-11-05T15:29:59.000+10:00,NSW - Water NSW
candidate_recent,421148,CUDGEGONG RIVER AT WINDAMERE DAM-STORAGE GAUGE,-32.7259,149.7675,279.6,2025-06-30T21:46:19.000+10:00,2009-01-01T09:00:00.000+10:00,NSW - Water NSW
candidate_recent,203034,EDEN CREEK AT DOUBTFUL,-28.756905996,152.924016995,279.6,2025-06-30T20:56:26.000+10:00,2001-08-30T10:02:00.000+10:00,NSW - Water NSW
candidate_recent,210117,GLENNIES CREEK AT GLENNIES CREEK DAM-STORAGE,-32.36342393,151.248624324,279.6,2025-06-30T21:46:36.000+10:00,2012-08-12T00:54:14.000+10:00,NSW - Water NSW
candidate_recent,418035,GWYDIR RIVER AT COPETON DAM-STORAGE GAUGE,-29.90438056,150.92438333,279.6,2025-06-30T21:46:45.000+10:00,2009-01-01T09:00:00.000+10:00,NSW - Water NSW
candidate_recent,570992,Gungahlin Catchment West,-35.20594444,149.09816667,279.6,2025-06-30T21:00:01.000+10:00,1982-03-31T13:56:00.000+10:00,"ACT - Environment, Planning and Sustainable Development Directorate"
candidate_recent,210097,HUNTER RIVER AT GLENBAWN DAM-STORAGE GAUGE,-32.1026,150.9926,279.6,2025-06-30T21:46:34.000+10:00,1992-07-04T09:00:00.000+10:00,NSW - Water NSW
candidate_recent,570904,Horse Park at Gundaroo Road,-35.15783333,149.11831667,279.6,2025-06-30T21:00:03.000+10:00,1980-08-01T14:10:00.000+10:00,"ACT - Environment, Planning and Sustainable Development Directorate"
candidate_recent,203042,IRONPOT CREEK AT TOONUMBAR DAM-STORAGE GAUGE,-28.618520942,152.793580946,279.6,2025-06-30T21:46:41.000+10:00,1997-12-31T23:59:59.000+10:00,NSW - Water NSW
candidate_recent,412108,LAKE BREWSTER AT STORAGE GAUGE,-33.4231,145.9419,279.6,2025-06-30T21:46:03.000+10:00,1990-01-01T09:00:00.000+10:00,NSW - Water NSW
candidate_recent,412107,LAKE CARGELLIGO AT STORAGE GAUGE,-33.30076944,146.37918611,279.6,2025-06-30T21:46:09.000+10:00,1990-01-01T08:59:59.000+10:00,NSW - Water NSW
candidate_recent,203010,LEYCESTER RIVER AT ROCK VALLEY,-28.736397221,153.163236109,279.6,2025-06-30T20:48:24.000+10:00,1995-10-31T11:49:59.000+10:00,NSW - Water NSW
candidate_recent,419080,MANILLA RIVER AT SPLIT ROCK DAM STORAGE GAUGE,-30.57411389,150.69679722,279.6,2025-06-30T21:47:07.000+10:00,1995-07-01T09:00:00.000+10:00,NSW - Water NSW
candidate_recent,203030,MYRTLE CREEK AT RAPPVILLE,-29.109964251,152.999441913,279.6,2025-06-30T20:59:13.000+10:00,1994-03-28T17:14:59.000+10:00,NSW - Water NSW
candidate_recent,204001,NYMBOIDA RIVER AT NYMBOIDA,-29.979325824,152.724953984,279.6,2025-06-30T20:47:54.000+10:00,1991-08-21T13:29:59.000+10:00,NSW - Water NSW
candidate_recent,421201,OBERON CENTROID WEATHER STATION (SHOOTERS HILL),-33.835273449,149.855910032,279.6,2025-06-30T21:45:01.000+10:00,2022-05-18T23:45:00.000+10:00,NSW - Water NSW
candidate_recent,203900,RICHMOND RIVER AT KYOGLE,-28.621042004,152.994843998,279.6,2025-06-30T20:44:07.000+10:00,1994-10-10T12:00:00.000+10:00,NSW - Water NSW
candidate_recent,203005,RICHMOND RIVER AT WIANGAREE,-28.505511998,152.967091996,279.6,2025-06-30T21:00:54.000+10:00,1991-12-05T11:29:59.000+10:00,NSW - Water NSW
candidate_recent,203041,SHANNON BROOK AT YORKLEA,-28.940299997,153.006191799,279.6,2025-06-30T20:57:54.000+10:00,2001-08-15T14:11:00.000+10:00,NSW - Water NSW
candidate_recent,570978,Yarralumla Creek at Mawson,-35.36499769,149.09277433,279.6,2025-06-30T20:52:01.000+10:00,1971-09-13T15:18:00.000+10:00,"ACT - Environment, Planning and Sustainable Development Directorate"
candidate_recent,204030,ABERFOYLE RIVER AT ABERFOYLE,-30.258693121,152.009440106,279.7,2025-06-30T19:59:52.000+10:00,1998-01-21T15:27:59.000+10:00,NSW - Water NSW
candidate_recent,204017,BIELSDOWN CREEK AT DORRIGO NO.2 & NO.3,-30.304993704,152.714557378,279.7,2025-06-30T19:57:57.000+10:00,1997-07-24T11:04:59.000+10:00,NSW - Water NSW
candidate_recent,570803,Deakin behind Telecom Centre,-35.32788889,149.10086111,279.7,2025-06-30T20:00:01.000+10:00,1988-08-17T13:12:00.000+10:00,"ACT - Environment, Planning and Sustainable Development Directorate"
candidate_recent,401027,MURRAY RIVER AT HUME DAM - STORAGE GAUGE NO.2,-36.0885,147.0539,279.7,2025-06-30T19:48:13.000+10:00,2004-02-18T10:00:00.000+10:00,NSW - Water NSW
candidate_recent,570909,Stirling College,-35.34855556,149.04744444,279.7,2025-06-30T20:00:01.000+10:00,1981-10-02T14:18:00.000+10:00,"ACT - Environment, Planning and Sustainable Development Directorate"
candidate_recent,201900,TWEED RIVER AT UKI,-28.413522004,153.334927005,279.7,2025-06-30T20:01:31.000+10:00,2022-09-09T09:30:00.000+10:00,NSW - Water NSW
candidate_recent,570806,Tuggeranong Valley at Ashley Drive,-35.42572222,149.10344444,279.7,2025-06-30T20:00:01.000+10:00,1987-12-01T11:25:26.000+10:00,"ACT - Environment, Planning and Sustainable Development Directorate"
candidate_recent,570813,Turner at Barry Drive,-35.26752778,149.12294444,279.7,2025-06-30T20:00:01.000+10:00,1987-01-01T09:00:00.000+10:00,"ACT - Environment, Planning and Sustainable Development Directorate"
candidate_recent,568078,BUDDEROO,-34.70852032,150.62297459,279.8,2025-06-30T17:13:01.000+10:00,1981-06-27T05:40:00.000+10:00,
candidate_recent,570953,Murrumbidgee River @ Hall's Crossing,-35.13277642,148.94250308,279.9,2025-06-30T14:10:31.000+10:00,1990-06-28T14:23:00.000+10:00,"ACT - Environment, Planning and Sustainable Development Directorate"
candidate_recent,201001,OXLEY RIVER AT EUNGELLA,-28.353986107,153.292947216,279.9,2025-06-30T14:44:55.000+10:00,1977-02-15T14:20:00.000+10:00,NSW - Water NSW
candidate_recent,219027,BROGO RIVER AT BROGO DAM (STORAGE),-36.4911,149.742,280.0,2025-06-30T12:24:27.000+10:00,1970-06-30T09:00:00.000+10:00,NSW - Water NSW
candidate_recent,568135,BENDEELA PUMPING STATION,-34.72445664,150.47942888,280.1,2025-06-30T09:00:01.000+10:00,2009-05-09T00:00:00.000+10:00,
candidate_recent,570335,BIG HILL (GLEN DUSK),-34.56611148,149.99805511,280.1,2025-06-30T09:00:01.000+10:00,2021-02-18T09:00:00.000+10:00,
candidate_recent,568225,CANYONLEIGH - TUGALONG RD,-34.56083333,150.1625,280.1,2025-06-30T09:00:01.000+10:00,2019-05-01T09:00:00.000+10:00,
candidate_recent,425022,DARLING RIVER AT LAKE MENINDEE - STORAGE GAUGE,-32.39708,142.37436,280.1,2025-06-30T09:00:01.000+10:00,2010-11-20T09:00:00.000+10:00,NSW - Water NSW
candidate_recent,568164,HILLTOP (NATTAI TABLELAND) TBRG,-34.21527802,150.41222291,280.1,2025-06-30T09:00:01.000+10:00,2024-06-20T09:00:00.000+10:00,
candidate_recent,568163,JOADJA (GREENSTEAD),-34.42472218,150.19111096,280.1,2025-06-30T09:00:01.000+10:00,2019-06-30T09:00:00.000+10:00,
candidate_recent,073019,JUNEE TBRG AT JUNEE TREATMENT WORKS,-34.845715,147.571341997,280.1,2025-06-30T08:56:09.000+10:00,2011-10-27T14:22:15.000+10:00,NSW - Water NSW
candidate_recent,563070,LINDEN (WOODFORD CK DAM),-33.69959743,150.48967245,280.1,2025-06-30T09:00:01.000+10:00,2020-03-01T09:00:00.000+10:00,
candidate_recent,563073,LOWTHER(DUDDAWARRA),-33.61372,150.15795,280.1,2025-06-30T09:00:01.000+10:00,1987-12-11T09:20:00.000+10:00,
candidate_recent,563071,MEDLOW BATH (LAKE MEDLOW DAM),-33.6619443,150.29750004,280.1,2025-06-30T09:00:01.000+10:00,1983-12-12T10:15:00.000+10:00,
candidate_recent,409216A,MURRAY RAT UPSTREAM YARRAWONGA WEIR - STORAGE GAUGE,-36.0089,145.9994,280.1,2025-06-30T09:00:01.000+10:00,2012-11-08T09:00:00.000+10:00,NSW - Water NSW
candidate_recent,410131,MURRUMBIDGEE RIVER AT BURRINJUCK DAM - STORAGE GAUGE,-35.0,148.5989,280.1,2025-06-30T09:00:01.000+10:00,1995-05-22T08:59:59.000+10:00,NSW - Water NSW
candidate_recent,419041,NAMOI RIVER AT KEEPIT DAM - STORAGE GAUGE,-30.8792,150.4928,280.1,2025-06-30T09:00:01.000+10:00,1995-07-01T09:00:00.000+10:00,NSW - Water NSW
candidate_recent,568133,NERRIGA (TALLOWAL CK),-34.89599283,150.15673103,280.1,2025-06-30T09:00:01.000+10:00,2014-07-09T10:43:00.000+10:00,
candidate_recent,568051,OAKDALE (THE BRIDGE) TBRG,-34.00611108,150.50361135,280.1,2025-06-30T09:00:01.000+10:00,1981-06-03T12:02:00.000+10:00,
candidate_recent,210102,PATERSON RIVER AT LOSTOCK DAM-STORAGE GAUGE,-32.3292,151.4569,280.1,2025-06-30T09:00:01.000+10:00,2010-11-22T09:00:00.000+10:00,NSW - Water NSW
candidate_recent,419069,PEEL RIVER AT CHAFFEY DAM - STORAGE GAUGE,-31.348147,151.13947,280.1,2025-06-30T09:00:01.000+10:00,1899-12-30T08:55:59.000+10:00,NSW - Water NSW
candidate_recent,416030,SEVERN RIVER AT PINDARI DAM-STORAGE GAUGE,-29.3854,151.243,280.1,2025-06-30T09:00:01.000+10:00,1995-07-01T08:59:59.000+10:00,NSW - Water NSW
candidate_recent,568057,TBRG AVON TOWER,-34.372372,150.611749,280.1,2025-06-30T09:00:01.000+10:00,2015-02-18T09:17:01.000+10:00,
candidate_recent,568061,TBRG BROWNS ROAD,-34.401525,150.712017,280.1,2025-06-30T09:00:01.000+10:00,2014-05-14T13:24:00.000+10:00,
candidate_recent,568004,TBRG CORDEAUX AIR STRIP,-34.28570026,150.72657079,280.1,2025-06-30T09:00:01.000+10:00,2018-09-12T13:37:40.000+10:00,
candidate_recent,568058,TBRG HAMBRIDGE,-34.452178,150.647381,280.1,2025-06-30T09:00:01.000+10:00,2014-05-14T14:08:05.000+10:00,
candidate_recent,568065,TBRG LETTERBOX TOWER,-34.265039,150.879325,280.1,2025-06-30T09:00:01.000+10:00,2018-09-12T09:47:20.000+10:00,
candidate_recent,568097,TBRG MOUNT KEIRA(KENTISH No.2),-34.368503,150.821006,280.1,2025-06-30T09:00:01.000+10:00,2020-03-03T23:30:11.000+10:00,
candidate_recent,568071,TBRG UPPER AVON,-34.4614,150.734644,280.1,2025-06-30T09:00:01.000+10:00,2015-12-02T09:43:21.000+10:00,
candidate_recent,410102,TUMUT RIVER AT BLOWERING DAM - STORAGE GAUGE,-35.4012,148.2429,280.1,2025-06-30T09:00:01.000+10:00,1995-05-22T08:59:59.000+10:00,NSW - Water NSW
candidate_recent,570902,Torrens at Batchelor Street,-35.367458,149.091208,280.1,2025-06-30T10:14:46.000+10:00,1978-04-24T15:42:00.000+10:00,"ACT - Environment, Planning and Sustainable Development Directorate"
candidate_recent,568045,WARRAGAMBA MET. STATION,-33.89013,150.59334,280.1,2025-06-30T09:00:01.000+10:00,1981-01-01T00:00:00.000+10:00,NSW - Water NSW
candidate_recent,570824,Wrights Retardation Basin Pluviograph,-35.49161133,149.09790553,280.1,2025-06-30T09:11:18.000+10:00,1995-05-31T16:05:00.000+10:00,"ACT - Environment, Planning and Sustainable Development Directorate"
candidate_recent,570991,Giralang at Barton Highway,-35.20972222,149.10672222,280.2,2025-06-30T06:00:01.000+10:00,1973-11-20T09:37:00.000+10:00,"ACT - Environment, Planning and Sustainable Development Directorate"
candidate_recent,570804,Chifley at Waldock Street,-35.355,149.07105556,280.3,2025-06-30T05:00:01.000+10:00,1988-09-09T14:15:00.000+10:00,"ACT - Environment, Planning and Sustainable Development Directorate"
candidate_recent,570807,Ginninderra Creek upstream Barton Highway,-35.19761111,149.1015,280.3,2025-06-30T05:00:02.000+10:00,1988-10-05T14:06:00.000+10:00,"ACT - Environment, Planning and Sustainable Development Directorate"
candidate_recent,570821,Kambah Pluvio at Woolshed,-35.38783333,149.061,280.3,2025-06-30T05:00:01.000+10:00,1991-11-05T10:19:00.000+10:00,"ACT - Environment, Planning and Sustainable Development Directorate"
candidate_recent,570996,Lake Ginninderra at Dam,-35.22252778,149.06511111,280.3,2025-06-30T05:00:52.000+10:00,1973-11-19T13:45:00.000+10:00,"ACT - Environment, Planning and Sustainable Development Directorate"
candidate_recent,570977,Long Gully Creek at Phillip,-35.35136111,149.09980556,280.3,2025-06-30T05:00:01.000+10:00,1970-12-10T15:05:00.000+10:00,"ACT - Environment, Planning and Sustainable Development Directorate"
candidate_recent,41001702,Murrumbidgee River U/S Angle Crossing,-35.585654,149.114147,280.3,2025-06-30T05:00:01.000+10:00,2009-11-12T19:42:30.000+10:00,ACT - Icon Water Limited
candidate_recent,570985,Murrumbidgee River at Lobbs Hole Creek,-35.53944692,149.10027594,280.3,2025-06-30T05:00:01.000+10:00,1974-11-12T15:00:00.000+10:00,"ACT - Environment, Planning and Sustainable Development Directorate"
candidate_recent,41001701,Numeralla River at Chakola,-36.1105,149.19605556,280.3,2025-06-30T05:00:01.000+10:00,2010-01-08T14:28:50.000+10:00,ACT - Icon Water Limited
candidate_recent,570942,Sullivans Creek at Southwell Park,-35.24833067,149.12971739,280.3,2025-06-30T05:00:03.000+10:00,1985-08-31T09:00:00.000+10:00,"ACT - Environment, Planning and Sustainable Development Directorate"
candidate_recent,570944,Tuggeranong Creek upstream Sewer Crossing,-35.40833142,149.05555317,280.3,2025-06-30T05:00:01.000+10:00,1985-10-09T14:40:00.000+10:00,"ACT - Environment, Planning and Sustainable Development Directorate"
candidate_recent,570993,Tuggeranong Valley at Melrose Farm,-35.435012,149.141176,280.3,2025-06-30T05:00:01.000+10:00,1988-08-11T13:37:00.000+10:00,"ACT - Environment, Planning and Sustainable Development Directorate"
candidate_recent,570981,Watson at Racecourse,-35.23133333,149.13661111,280.3,2025-06-30T05:00:01.000+10:00,1971-10-25T11:45:00.000+10:00,"ACT - Environment, Planning and Sustainable Development Directorate"
candidate_recent,570822,Woolshed Creek Pluvio at Police Driver Training Centre,-35.24322222,149.19455556,280.3,2025-06-30T04:00:01.000+10:00,1992-05-01T13:08:00.000+10:00,"ACT - Environment, Planning and Sustainable Development Directorate"
candidate_recent,570941,Yarralumla Creek at Curtin,-35.32658333,149.08580556,280.3,2025-06-30T05:00:01.000+10:00,1985-08-27T15:00:00.000+10:00,"ACT - Environment, Planning and Sustainable Development Directorate"
candidate_recent,567105,ANNANGROVE,-33.676,150.9629,280.4,2025-06-30T03:00:01.000+10:00,2000-11-18T23:59:00.000+10:00,NSW - Sydney Water Corporation (Sydney Water)
candidate_recent,567120,BROOKLYN STP,-33.55127841,151.19587404,280.4,2025-06-30T03:00:01.000+10:00,2007-12-18T07:45:31.000+10:00,NSW - Sydney Water Corporation (Sydney Water)
candidate_recent,567076,CASTLE HILL STP,-33.7111,150.9842,280.4,2025-06-30T03:00:01.000+10:00,1983-07-29T20:30:00.000+10:00,NSW - Sydney Water Corporation (Sydney Water)
candidate_recent,567102,DURAL (WPS14),-33.6969,151.0277,280.4,2025-06-30T03:00:01.000+10:00,1983-07-29T20:30:00.000+10:00,NSW - Sydney Water Corporation (Sydney Water)
candidate_recent,567077,FAIRFIELD STP,-33.8807,150.9504,280.4,2025-06-30T03:00:01.000+10:00,1980-05-15T13:36:00.000+10:00,NSW - Sydney Water Corporation (Sydney Water)
candidate_recent,567078,GLENFIELD STP,-33.9827,150.9071,280.4,2025-06-30T03:00:01.000+10:00,1983-08-30T11:00:00.000+10:00,NSW - Sydney Water Corporation (Sydney Water)
candidate_recent,567107,PENRITH STP,-33.7413,150.7007,280.4,2025-06-30T03:00:01.000+10:00,1991-08-31T16:12:00.000+10:00,NSW - Sydney Water Corporation (Sydney Water)
candidate_recent,567089,PRESTONS DEPOT,-33.93902712,150.87081055,280.4,2025-06-30T03:00:01.000+10:00,2014-08-12T18:24:31.000+10:00,
candidate_recent,567084,QUAKERS HILL STP,-33.7365,150.8783,280.4,2025-06-30T03:00:01.000+10:00,1990-10-23T13:30:00.000+10:00,NSW - Sydney Water Corporation (Sydney Water)
candidate_recent,567085,RICHMOND STP,-33.608,150.7671,280.4,2025-06-30T03:00:01.000+10:00,1991-08-13T10:30:00.000+10:00,NSW - Sydney Water Corporation (Sydney Water)
candidate_recent,567100,RIVERSTONE STP,-33.6562,150.8477,280.4,2025-06-30T03:00:01.000+10:00,1983-07-29T11:00:00.000+10:00,NSW - Sydney Water Corporation (Sydney Water)
candidate_recent,567087,ST MARYS STP,-33.7342,150.7692,280.4,2025-06-30T03:00:01.000+10:00,1983-08-02T12:00:00.000+10:00,NSW - Sydney Water Corporation (Sydney Water)
candidate_recent,566178,WARRINGAH GOLF COURSE,-33.78006751,151.26990037,280.4,2025-06-30T03:00:01.000+10:00,2017-02-13T12:23:35.000+10:00,
candidate_recent,567115,WS0073 Mt Dorothy Reservoir Constitution Hill,-33.798,150.969458,280.4,2025-06-30T03:00:01.000+10:00,2016-11-18T03:00:00.000+10:00,
candidate_recent,570987,Stormwater Drain at Giralang,-35.21416708,149.0938925,280.5,2025-06-30T00:00:02.000+10:00,1973-08-03T16:06:59.000+10:00,"ACT - Environment, Planning and Sustainable Development Directorate"
candidate_recent,570801,Farrer at Hawkesbury Crescent,-35.38144444,149.11330556,280.7,2025-06-29T18:00:01.000+10:00,1988-08-11T13:10:00.000+10:00,ACT - Icon Water Limited
candidate_recent,570925,Molonglo River below Coppins Crossing,-35.27360722,149.00860983,280.7,2025-06-29T18:00:01.000+10:00,1985-05-03T10:03:00.000+10:00,ACT - Icon Water Limited
candidate_recent,00009,Cooma North Meteorological Station,-36.22333333,149.13416667,281.1,2025-06-29T10:06:01.000+10:00,1991-08-20T09:40:58.000+10:00,NSW - Snowy Hydro Limited
candidate_recent,570818,Googong Climate Station,-35.42969444,149.26177778,281.1,2025-06-29T08:54:06.000+10:00,1990-09-07T14:04:00.000+10:00,ACT - Icon Water Limited
candidate_recent,570817,Pluvio at Farrer Stormwater Drain,-35.37594942,149.10064086,281.1,2025-06-29T08:58:17.000+10:00,1990-07-02T13:50:00.000+10:00,ACT - Icon Water Limited
candidate_recent,570802,Cook at Coulter Drive,-35.25783333,149.054,281.3,2025-06-29T05:00:01.000+10:00,1989-03-23T14:09:00.000+10:00,ACT - Icon Water Limited
candidate_recent,410730,Cotter River at Gingera,-35.58805556,148.82191667,281.3,2025-06-29T05:00:01.000+10:00,2003-01-31T14:01:00.000+10:00,ACT - Icon Water Limited
candidate_recent,570908,Ginninderra Creek at Charnwood,-35.20638892,149.01139008,281.3,2025-06-29T05:00:02.000+10:00,1980-01-01T00:00:00.000+10:00,ACT - Icon Water Limited
candidate_recent,570825,Pierces Creek Weather Station,-35.33233333,148.91911111,281.3,2025-06-29T05:00:01.000+10:00,1996-03-14T13:35:00.000+10:00,ACT - Icon Water Limited
candidate_recent,570816,Queanbeyan River upstream Googong Dam,-35.52221983,149.28610933,281.3,2025-06-29T05:00:01.000+10:00,1990-07-19T13:53:00.000+10:00,ACT - Icon Water Limited
candidate_recent,566176,Asquith Bowling and Recreation Club,-33.6900515,151.10124699,281.4,2025-06-29T03:00:01.000+10:00,2016-09-30T11:59:00.000+10:00,
candidate_recent,566069,BANKSTOWN TROTTING CLUB,-33.93116471,151.00794401,281.4,2025-06-29T03:00:01.000+10:00,2014-08-12T16:36:20.000+10:00,
candidate_recent,566075,BARDEN RIDGE DAM,-34.02461198,150.99987203,281.4,2025-06-29T03:00:01.000+10:00,2012-08-22T09:17:58.000+10:00,
candidate_recent,566071,BELROSE BOWLING CLUB,-33.73384534,151.21909427,281.4,2025-06-29T03:00:01.000+10:00,1990-03-12T10:20:00.000+10:00,NSW - Sydney Water Corporation (Sydney Water)
candidate_recent,563083,BLACKHEATH GOLF COURSE,-33.646,150.2901,281.4,2025-06-29T03:00:01.000+10:00,2008-09-28T23:59:00.000+10:00,NSW - Sydney Water Corporation (Sydney Water)
candidate_recent,563083,BLACKHEATH GOLF COURSE,-33.646,150.2901,281.4,2025-06-29T03:00:01.000+10:00,2008-09-28T23:59:00.000+10:00,NSW - Sydney Water Corporation (Sydney Water)
candidate_recent,567157,BLACKTOWN BOWLING CLUB,-33.79421158,150.8952111,281.4,2025-06-29T03:00:01.000+10:00,2012-05-09T14:22:21.000+10:00,NSW - Sydney Water Corporation (Sydney Water)
candidate_recent,567154,CABRAMATTA BOWLING CLUB,-33.89569242,150.94670587,281.4,2025-06-29T03:00:01.000+10:00,1992-01-22T15:38:00.000+10:00,NSW - Sydney Water Corporation (Sydney Water)
candidate_recent,566098,CARINGBAH BOWLING CLUB,-34.03579117,151.12061847,281.4,2025-06-29T03:00:01.000+10:00,1991-12-23T11:54:00.000+10:00,NSW - Sydney Water Corporation (Sydney Water)
candidate_recent,566064,CONCORD GREENLEES B.C. FORMERLY WESTS RUGBY CLUB,-33.8551,151.1075,281.4,2025-06-29T03:00:01.000+10:00,1988-06-01T14:17:00.000+10:00,NSW - Sydney Water Corporation (Sydney Water)
candidate_recent,566018,CRONULLA WRP,-34.0308,151.1643,281.4,2025-06-29T03:00:01.000+10:00,1979-12-31T09:00:00.000+10:00,NSW - Sydney Water Corporation (Sydney Water)
candidate_recent,00015,Cabramurra Airstrip,-35.93166667,148.39277778,281.4,2025-06-29T02:16:01.000+10:00,2015-07-11T13:39:04.000+10:00,NSW - Snowy Hydro Limited
candidate_recent,00014,Cabramurra Meteorological Station,-35.93416667,148.37916667,281.4,2025-06-29T02:16:01.000+10:00,1954-08-16T09:00:00.000+10:00,NSW - Snowy Hydro Limited
candidate_recent,566068,DEE WHY BOWLING CLUB,-33.7389,151.2814,281.4,2025-06-29T03:00:01.000+10:00,1990-02-23T15:12:00.000+10:00,NSW - Sydney Water Corporation (Sydney Water)
candidate_recent,566085,EAST LINDFIELD BOWLING CLUB,-33.7629,151.1945,281.4,2025-06-29T03:00:01.000+10:00,1990-09-19T14:40:00.000+10:00,NSW - Sydney Water Corporation (Sydney Water)
candidate_recent,566028,EASTLAKES SWC DEPOT,-33.92560652,151.22030786,281.4,2025-06-29T03:00:01.000+10:00,1973-08-28T15:35:00.000+10:00,NSW - Sydney Water Corporation (Sydney Water)
candidate_recent,566020,ENFIELD (COMPOSITE SITE),-33.9005,151.0879,281.4,2025-06-29T03:00:01.000+10:00,1983-06-18T05:58:00.000+10:00,NSW - Sydney Water Corporation (Sydney Water)
candidate_recent,00203,Eucumbene Dam Meteorological Station,-85.5274592344305,56.7669133062762,281.4,2025-06-29T02:18:01.000+10:00,1960-07-20T09:25:00.000+10:00,NSW - Snowy Hydro Limited
candidate_recent,563064,GLENBROOK RAAF (FORMERLY GLENBROOK STP),-33.764,150.635,281.4,2025-06-29T03:00:01.000+10:00,1997-06-28T12:05:20.000+10:00,NSW - Sydney Water Corporation (Sydney Water)
candidate_recent,00214,Geehi Dam Meteorological Station,-36.30305556,148.315,281.4,2025-06-29T02:20:01.000+10:00,1969-10-06T15:10:00.000+10:00,NSW - Snowy Hydro Limited
candidate_recent,00052,Guthega Dam Telemetering Pluviograph,-36.37777778,148.37222222,281.4,2025-06-29T02:18:01.000+10:00,1988-11-27T11:30:00.000+10:00,NSW - Snowy Hydro Limited
candidate_recent,00008,Guthega Power Station Meteorological Station,-36.35222222,148.41611111,281.4,2025-06-29T02:16:01.000+10:00,1969-08-26T08:00:00.000+10:00,NSW - Snowy Hydro Limited
candidate_recent,563065,HAZELBROOK STP,-33.7159,150.4593,281.4,2025-06-29T03:00:01.000+10:00,1990-04-19T15:26:00.000+10:00,NSW - Sydney Water Corporation (Sydney Water)
candidate_recent,566053,HORNSBY HEIGHTS WWTP,-33.6672,151.1047,281.4,2025-06-29T03:00:01.000+10:00,1990-07-20T10:00:00.000+10:00,NSW - Sydney Water Corporation (Sydney Water)
candidate_recent,566174,Helensburgh WS0049,-34.18364711,150.98693998,281.4,2025-06-29T03:00:01.000+10:00,2014-06-26T10:45:14.000+10:00,NSW - Sydney Water Corporation (Sydney Water)
candidate_recent,00018,Island Bend Raingauge,-36.31388889,148.48055556,281.4,2025-06-29T02:16:01.000+10:00,1995-02-27T13:37:35.000+10:00,NSW - Snowy Hydro Limited
candidate_recent,00072,Jagungal Raingauge,-36.13669183,148.3881655,281.4,2025-06-29T02:18:01.000+10:00,1968-09-26T13:25:00.000+10:00,NSW - Snowy Hydro Limited
candidate_recent,00004,Jindabyne Meteorological Station,-36.41666667,148.60916667,281.4,2025-06-29T02:16:01.000+10:00,1969-10-10T00:00:00.000+10:00,NSW - Snowy Hydro Limited
candidate_recent,567167,KELLYVILLE (CASTLEBROOK CEMETERY),-33.6961,150.9194,281.4,2025-06-29T03:00:01.000+10:00,1993-06-23T11:16:00.000+10:00,NSW - Sydney Water Corporation (Sydney Water)
candidate_recent,567148,KINGS LANGLEY (NSW SOCCER FEDERATION),-33.7403,150.9459,281.4,2025-06-29T03:00:01.000+10:00,1990-09-05T09:58:10.000+10:00,NSW - Sydney Water Corporation (Sydney Water)
candidate_recent,566072,KYLE BAY (CLUB BLAKEHURST),-33.98846442,151.10235325,281.4,2025-06-29T03:00:01.000+10:00,2010-02-17T13:01:59.000+10:00,NSW - Sydney Water Corporation (Sydney Water)
candidate_recent,95907,Khancoban Meteorological Station,-36.22111111,148.12694444,281.4,2025-06-29T02:46:01.000+10:00,1961-04-21T09:00:00.000+10:00,NSW - Snowy Hydro Limited
candidate_recent,563070,LINDEN (WOODFORD CK DAM),-33.6995035,150.48991297,281.4,2025-06-29T03:00:01.000+10:00,1983-12-06T14:00:00.000+10:00,
candidate_recent,566088,MALABAR STP,-33.9599,151.2515,281.4,2025-06-29T03:00:01.000+10:00,1990-12-17T08:32:00.000+10:00,NSW - Sydney Water Corporation (Sydney Water)
candidate_recent,566026,MARRICKVILLE BOWLING CLUB,-33.90986406,151.16407642,281.4,2025-06-29T03:00:01.000+10:00,1979-12-31T09:00:00.000+10:00,NSW - Sydney Water Corporation (Sydney Water)
candidate_recent,566175,MENAI RESERVOIR,-34.02227568,151.01261008,281.4,2025-06-29T03:00:01.000+10:00,2014-08-08T08:15:37.000+10:00,
candidate_recent,566047,MORTDALE BOWLING CLUB,-33.97458282,151.08076081,281.4,2025-06-29T03:00:01.000+10:00,1977-12-12T12:10:00.000+10:00,NSW - Sydney Water Corporation (Sydney Water)
candidate_recent,566027,MOSMAN - TARONGA ZOO (formerly BRADLEYS HEAD BC),-33.8435,151.2382,281.4,2025-06-29T03:00:01.000+10:00,1990-03-12T11:58:00.000+10:00,NSW - Sydney Water Corporation (Sydney Water)
candidate_recent,563149,MOUNT VICTORIA,-33.58516804,150.25868384,281.4,2025-06-29T03:00:01.000+10:00,2008-11-20T23:59:00.000+10:00,NSW - Sydney Water Corporation (Sydney Water)
candidate_recent,410535,Murrumbidgee River above Tantangara Reservoir,-35.77055556,148.57027778,281.4,2025-06-29T02:30:01.000+10:00,2007-05-18T00:16:25.000+10:00,NSW - Snowy Hydro Limited
candidate_recent,563069,NORTH RICHMOND WWTP,-33.5748,150.7156,281.4,2025-06-29T03:00:01.000+10:00,1997-06-28T09:47:10.000+10:00,NSW - Sydney Water Corporation (Sydney Water)
candidate_recent,566008,NORTH RYDE GC,-33.800527,151.120193,281.4,2025-06-29T03:00:01.000+10:00,2014-08-11T20:46:48.000+10:00,
candidate_recent,566032,PADDINGTON (COMPOSITE SITE),-33.887,151.2253,281.4,2025-06-29T03:00:01.000+10:00,1979-12-31T00:00:00.000+10:00,NSW - Sydney Water Corporation (Sydney Water)
candidate_recent,566036,POTTS HILL RESERVOIR,-33.8893,151.0368,281.4,2025-06-29T03:00:01.000+10:00,1981-12-29T09:54:00.000+10:00,NSW - Sydney Water Corporation (Sydney Water)
candidate_recent,566073,PYMBLE BOWLING CLUB,-33.7408,151.1394,281.4,2025-06-29T03:00:01.000+10:00,1987-09-16T15:32:00.000+10:00,NSW - Sydney Water Corporation (Sydney Water)
candidate_recent,566099,RANDWICK RACECOURSE,-33.9119,151.2273,281.4,2025-06-29T03:00:01.000+10:00,1991-11-29T12:26:00.000+10:00,NSW - Sydney Water Corporation (Sydney Water)
candidate_recent,567163,REGENTVILLE RURAL FIRE SERVICE,-33.7745,150.6716,281.4,2025-06-29T03:00:01.000+10:00,1992-09-09T09:04:00.000+10:00,NSW - Sydney Water Corporation (Sydney Water)
candidate_recent,566031,REVESBY BOWLING CLUB (formerly PADSTOW),-33.9548,151.0198,281.4,2025-06-29T03:00:01.000+10:00,2005-11-09T07:32:01.000+10:00,NSW - Sydney Water Corporation (Sydney Water)
candidate_recent,566082,Rosnay GC (ex Auburn BC),-33.865097,151.018082,281.4,2025-06-29T03:00:01.000+10:00,1990-10-03T12:32:00.000+10:00,NSW - Sydney Water Corporation (Sydney Water)
candidate_recent,566078,SOUTH CRONULLA BC (formerly SOUTH CRONULLA PS),-34.07,151.1517,281.4,2025-06-29T03:00:01.000+10:00,1990-02-09T15:26:00.000+10:00,NSW - Sydney Water Corporation (Sydney Water)
candidate_recent,566092,SUTHERLAND BOWLING CLUB,-34.0295,151.0711,281.4,2025-06-29T03:00:01.000+10:00,1991-11-06T12:32:00.000+10:00,NSW - Sydney Water Corporation (Sydney Water)
candidate_recent,CS033,Swampy Plain (Geehi Airstrip) Rain Gauge,-36.38359078,148.18442783,281.4,2025-06-29T02:48:01.000+10:00,2004-08-05T16:39:04.000+10:00,NSW - Snowy Hydro Limited
candidate_recent,00215,Talbingo Meteorological Station,-35.58555556,148.29583333,281.4,2025-06-29T02:20:01.000+10:00,1969-10-11T00:00:00.000+10:00,NSW - Snowy Hydro Limited
candidate_recent,00185,Tantangara Dam Meteorological Station,-85.5274595166563,56.7669505387704,281.4,2025-06-29T02:18:01.000+10:00,1969-10-01T07:00:00.000+10:00,NSW - Snowy Hydro Limited
candidate_recent,00081,The Kerries Pluviograph,-36.2598,148.37725556,281.4,2025-06-29T02:18:01.000+10:00,1975-02-21T00:00:00.000+10:00,NSW - Snowy Hydro Limited
candidate_recent,00184,Tooma Dam Meteorological Station,-36.05333333,148.27777778,281.4,2025-06-29T02:18:01.000+10:00,1964-09-22T13:50:00.000+10:00,NSW - Snowy Hydro Limited
candidate_recent,566038,VAUCLUSE BOWLING CLUB,-33.8578,151.2788,281.4,2025-06-29T03:00:01.000+10:00,1979-12-28T12:20:00.000+10:00,NSW - Sydney Water Corporation (Sydney Water)
candidate_recent,566114,WAVERLEY RESERVOIR WS0134,-33.895696,151.255581,281.4,2025-06-29T03:00:01.000+10:00,1995-01-05T09:24:00.000+10:00,NSW - Sydney Water Corporation (Sydney Water)
candidate_recent,563061,WENTWORTH FALLS (BODINGTON),-33.73273195,150.3885237,281.4,2025-06-29T03:00:01.000+10:00,1990-08-15T13:04:00.000+10:00,NSW - Sydney Water Corporation (Sydney Water)
candidate_recent,563084,WILBERFORCE SPS1168,-33.55929164,150.83685332,281.4,2025-06-29T03:00:01.000+10:00,2011-02-02T07:36:15.000+10:00,NSW - Sydney Water Corporation (Sydney Water)
candidate_recent,563146,WINMALEE WWTP,-33.6767,150.625,281.4,2025-06-29T03:00:01.000+10:00,1990-04-19T12:22:00.000+10:00,NSW - Sydney Water Corporation (Sydney Water)
candidate_recent,410574,Yarrangobilly River at Ravine,-35.79,148.40138889,281.4,2025-06-29T02:34:01.000+10:00,2019-01-11T01:20:00.000+10:00,NSW - Snowy Hydro Limited
candidate_recent,570954,Molonglo River at Sturt Island,-35.25000053,148.95833044,281.7,2025-06-28T19:00:04.000+10:00,1989-03-15T16:30:00.000+10:00,ACT - Icon Water Limited
candidate_recent,570947,Corin Dam at Boat Ramp,-35.53805506,148.83777706,282.0,2025-06-28T10:43:38.000+10:00,1984-11-01T12:00:00.000+10:00,ACT - Icon Water Limited
candidate_recent,570958,Bendora Dam,-35.44805897,148.82694744,282.1,2025-06-28T09:38:00.000+10:00,1957-09-01T09:00:00.000+10:00,ACT - Icon Water Limited
candidate_recent,570970,Gudgenby River at Tennent,-35.57187222,149.06811111,282.1,2025-06-28T09:35:03.000+10:00,1968-08-30T11:43:00.000+10:00,ACT - Icon Water Limited
candidate_recent,570983,Queanbeyan River at Wickerslack,-35.39027806,149.25583692,282.1,2025-06-28T09:41:47.000+10:00,1973-08-13T16:00:00.000+10:00,ACT - Icon Water Limited
candidate_recent,570955,Blundells Hill,-35.33916667,148.83197222,282.3,2025-06-28T05:00:01.000+10:00,1987-09-25T11:00:00.000+10:00,ACT - Icon Water Limited
candidate_recent,570951,Burra Creek at Burra Road,-35.54416853,149.22694203,282.3,2025-06-28T05:00:01.000+10:00,1987-03-05T10:55:00.000+10:00,ACT - Icon Water Limited
candidate_recent,570966,Orroral River at Road Crossing,-35.666114,148.98805264,282.3,2025-06-28T05:00:02.000+10:00,1968-07-23T12:00:00.000+10:00,ACT - Icon Water Limited
candidate_recent,570928,Orroral Tracking Station,-35.62694525,148.95000494,282.3,2025-06-28T05:00:01.000+10:00,1986-05-15T14:15:00.000+10:00,ACT - Icon Water Limited
candidate_recent,570965,Queanbeyan River at Tinderry,-35.61555833,149.34860644,282.3,2025-06-28T05:00:02.000+10:00,1966-08-02T12:45:00.000+10:00,ACT - Icon Water Limited
candidate_recent,570948,Wright's Hill at Boboyan,-35.8905,148.978,282.3,2025-06-28T05:00:01.000+10:00,1956-12-31T09:00:00.000+10:00,ACT - Icon Water Limited
candidate_recent,212021,MACDONALD RIVER AT HOWES VALLEY,-32.861096,150.8105886,283.6,2025-06-26T21:10:01.000+10:00,2014-05-02T09:02:12.000+10:00,NSW - Water NSW
candidate_recent,222017,MACLAUGHLIN RIVER AT THE HUT,-36.6535,149.1113,283.6,2025-06-26T21:00:01.000+10:00,1999-08-05T15:24:59.000+10:00,NSW - Water NSW
candidate_recent,222013,SNOWY RIVER AT BURNT HUT CROSSING,-36.8396,148.9325,283.6,2025-06-26T21:00:01.000+10:00,2000-04-15T03:44:59.000+10:00,NSW - Water NSW
candidate_recent,212053,STONEQUARRY CREEK AT PICTON,-34.177639,150.611847,283.6,2025-06-26T20:45:01.000+10:00,1990-12-04T10:00:00.000+10:00,NSW - Water NSW
candidate_recent,572028,UPPER GOOBARRAGANDRA TBRG AT BROKEN CART ROAD,-35.47520803,148.59569343,283.6,2025-06-26T21:00:01.000+10:00,2011-12-18T20:13:59.000+10:00,NSW - Water NSW
candidate_recent,572031,LONG PLAIN TBRG AT PEPPERCORN FIRE TRAIL,-35.57505665,148.58256468,283.7,2025-06-26T19:30:01.000+10:00,2011-12-18T19:51:59.000+10:00,NSW - Water NSW
candidate_recent,416081,BARWON RIVER AT EAGLE FARM,-28.87812,149.06391,283.9,2025-06-26T13:45:10.000+10:00,2020-01-23T14:04:28.000+10:00,NSW - Water NSW
candidate_recent,401009,MARAGLE CREEK AT MARAGLE,-35.9256,148.0999,283.9,2025-06-26T14:04:52.000+10:00,1978-10-26T13:30:00.000+10:00,NSW - Water NSW
candidate_recent,41000282,MIRROOL CREEK AT BARELLAN ROAD,-34.334717,146.577569,283.9,2025-06-26T14:18:45.000+10:00,2017-07-19T15:52:00.000+10:00,NSW - Water NSW
candidate_recent,421178,MOLONG CREEK AT DOWNSTREAM BORENORE CREEK,-33.15755556,148.95975,283.9,2025-06-26T14:44:01.000+10:00,2002-06-19T09:59:59.000+10:00,NSW - Water NSW
candidate_recent,41000271,ALUM CREEK AT JONES PLAIN ROAD,-35.999783506,148.951692032,284.0,2025-06-26T11:00:01.000+10:00,2012-08-23T16:00:00.000+10:00,NSW - Water NSW
candidate_recent,41000272,MURRUMBIDGEE RIVER UPSTREAM MICHELAGO CREEK,-35.702337,149.137988,284.0,2025-06-26T12:07:42.000+10:00,2013-04-24T11:58:59.000+10:00,NSW - Water NSW
candidate_recent,563051,SHOOTERS HILL(TUGLOW HOLE MTN),-34.00166365,149.97297115,284.0,2025-06-26T11:18:31.000+10:00,1981-03-12T13:32:00.000+10:00,
candidate_recent,419076,WARRAH CREEK AT OLD WARRAH,-31.6584,150.6441,284.0,2025-06-26T12:36:21.000+10:00,1996-02-27T09:59:59.000+10:00,NSW - Water NSW
candidate_recent,563037,BURRAGORANG TRIG,-34.06434933,150.40622967,284.1,2025-06-26T09:00:01.000+10:00,1982-06-22T11:30:00.000+10:00,
candidate_recent,563049,COXS RIVER (KELPIE POINT),-33.87031,150.25285,284.1,2025-06-26T09:00:01.000+10:00,1981-06-04T11:50:00.000+10:00,
candidate_recent,222008,DELEGATE RIVER AT QUIDONG,-36.9045,149.0345,284.1,2025-06-26T08:55:32.000+10:00,1963-01-01T07:59:59.000+10:00,NSW - Water NSW
candidate_recent,410057,GOOBARRAGANDRA RIVER AT LACMALAC,-35.329,148.3484,284.1,2025-06-26T09:34:40.000+10:00,2011-11-29T10:30:00.000+10:00,NSW - Water NSW
candidate_recent,41000261,GOOBARRAGANDRA RIVER AT MAC'S CROSSING,-35.41826315,148.43570689,284.1,2025-06-26T09:59:36.000+10:00,2012-06-13T13:03:09.000+10:00,NSW - Water NSW
candidate_recent,570340,GOULBURN (SPRINGFIELD),-34.90694497,149.66916688,284.1,2025-06-26T09:00:01.000+10:00,1986-10-18T17:24:00.000+10:00,
candidate_recent,41808001,GURLEY CREEK AT TYRONE ROAD,-29.674963,149.69519,284.1,2025-06-26T09:18:44.000+10:00,2024-06-15T04:06:05.000+10:00,NSW - Water NSW
candidate_recent,401013,JINGELLIC CREEK AT JINGELLIC,-35.89431944,147.69240556,284.1,2025-06-26T09:37:08.000+10:00,2003-05-19T15:14:59.000+10:00,NSW - Water NSW
candidate_recent,563043,KANANGRA WALLS,-33.98855886,150.10890473,284.1,2025-06-26T09:00:01.000+10:00,1981-06-10T10:20:00.000+10:00,
candidate_recent,563059,KATOOMBA (CASCADE CK DAM No.1),-33.68881,150.30439,284.1,2025-06-26T09:00:01.000+10:00,1983-12-07T09:15:00.000+10:00,NSW - Water NSW
candidate_recent,410114,KILLIMCAT CREEK AT WYANGLE,-35.2339,148.3057,284.1,2025-06-26T09:31:03.000+10:00,1975-08-07T11:55:00.000+10:00,NSW - Water NSW
candidate_recent,563039,KOWMUNG RIVER (CEDAR FORD),-33.945483,150.243567,284.1,2025-06-26T09:00:01.000+10:00,1981-05-12T10:30:00.000+10:00,
candidate_recent,401026,MARAGLE BACK CREEK AT GLOAMING,-35.9037,148.1689,284.1,2025-06-26T10:27:16.000+10:00,2018-02-21T17:00:00.000+10:00,NSW - Water NSW
candidate_recent,401012,MURRAY RIVER AT BIGGARA,-36.3192,148.0519,284.1,2025-06-26T09:24:10.000+10:00,1993-09-02T12:29:59.000+10:00,NSW - Water NSW
candidate_recent,568140,NATTAI CAUSEWAY TBRG,-34.14447,150.42556,284.1,2025-06-26T09:00:01.000+10:00,2025-03-07T10:46:00.000+10:00,
candidate_recent,222026,SNOWY RIVER AT DALGETY WEIR,-36.505,148.8292,284.1,2025-06-26T09:47:47.000+10:00,1997-09-24T20:59:59.000+10:00,NSW - Water NSW
candidate_recent,401016,WELUMBA CREEK AT THE SQUARE,-36.0337,148.1197,284.1,2025-06-26T10:03:53.000+10:00,2018-02-23T11:15:00.000+10:00,NSW - Water NSW
candidate_recent,563061,WENTWORTH FALLS (BODINGTON),-33.73282,150.3886,284.1,2025-06-26T09:00:01.000+10:00,1990-08-15T13:04:00.000+10:00,
candidate_recent,563053,WOMBAT PINCH,-34.184814,149.960761,284.1,2025-06-26T09:00:01.000+10:00,1981-06-10T13:46:00.000+10:00,
candidate_recent,563036,YERRANDERIE (BYRNES CREEK),-34.1387,150.311994,284.1,2025-06-26T09:00:01.000+10:00,1981-05-11T15:50:00.000+10:00,
candidate_recent,563056,YERRANDERIE (KIARAMBA SPRINGS),-34.031331,150.208914,284.1,2025-06-26T09:00:01.000+10:00,1981-05-12T09:25:00.000+10:00,
candidate_recent,401015,BOWNA CREEK AT YAMBLA,-35.91756111,146.97546944,284.2,2025-06-26T05:47:25.000+10:00,2005-04-28T14:15:12.000+10:00,NSW - Water NSW
candidate_recent,222004,LITTLE PLAINS RIVER AT WELLESLEY (ROWES),-36.9954,149.0937,284.2,2025-06-26T07:56:31.000+10:00,1993-01-13T09:44:59.000+10:00,NSW - Water NSW
candidate_recent,219033,GEORGES CREEK AT COCHRANE DAM (STORAGE),-36.5703,149.4554,284.3,2025-06-26T04:41:21.000+10:00,1960-12-05T08:00:00.000+10:00,NSW - Water NSW
candidate_recent,568296,TBRG THURNS ROAD,-34.145047,150.645806,284.3,2025-06-26T05:38:00.000+10:00,1991-01-23T14:19:59.000+10:00,NSW - Water NSW
candidate_recent,208024,BARNARD RIVER AT D/S BACK RIVER JUNCTION,-31.5589418,151.3441963,284.4,2025-06-26T01:22:42.000+10:00,2006-06-26T18:20:00.000+10:00,NSW - Water NSW
candidate_recent,206035,GARA RIVER AT WILLOW GLEN,-30.211164,151.726735,284.4,2025-06-26T01:00:06.000+10:00,1997-01-31T14:35:00.000+10:00,NSW - Water NSW
candidate_recent,416016,MACINTYRE RIVER AT INVERELL (MIDDLE CREEK),-29.792,151.1275,284.4,2025-06-26T02:19:49.000+10:00,1993-09-10T09:08:59.000+10:00,NSW - Water NSW
candidate_recent,419081,PEEL RIVER AT TAROONA,-31.430696,151.135405,284.4,2025-06-26T02:24:19.000+10:00,1991-09-06T10:15:00.000+10:00,NSW - Water NSW
candidate_recent,208009,BARNARD RIVER AT BARRY,-31.5795,151.3154,284.5,2025-06-25T23:47:59.000+10:00,1993-03-18T09:15:00.000+10:00,NSW - Water NSW
candidate_recent,419016,COCKBURN RIVER AT MULLA CROSSING,-31.060355,151.12621,284.5,2025-06-25T22:30:40.000+10:00,1991-08-15T15:44:59.000+10:00,NSW - Water NSW
candidate_recent,418014,GWYDIR RIVER AT YARROWYCK,-30.46740556,151.36369722,284.5,2025-06-25T23:57:00.000+10:00,2001-02-07T09:54:59.000+10:00,NSW - Water NSW
candidate_recent,210118,ISIS RIVER AT STICK-ME-UP BRIDGE,-31.9673385,151.0340307,284.5,2025-06-25T22:31:02.000+10:00,2017-07-14T20:44:34.000+10:00,NSW - Water NSW
candidate_recent,419028,MACDONALD RIVER AT RETREAT,-30.6258,151.109262,284.5,2025-06-25T23:29:29.000+10:00,2000-10-04T09:39:59.000+10:00,NSW - Water NSW
candidate_recent,419010,MACDONALD RIVER AT WOOLBROOK,-30.96569,151.34717,284.5,2025-06-25T23:11:46.000+10:00,1996-02-23T10:24:59.000+10:00,NSW - Water NSW
candidate_recent,416056,MACINTYRE AT LITTLE VALLEY,-29.84697,151.32941,284.5,2025-06-26T00:27:49.000+10:00,1998-07-14T15:59:59.000+10:00,NSW - Water NSW
candidate_recent,401029,MANNUS CREEK AT GLENROY NO.2,-35.75616597,147.94257883,284.5,2025-06-25T23:15:31.000+10:00,2018-02-14T13:02:17.000+10:00,NSW - Water NSW
candidate_recent,41200209,ABERCROMBIE RIVER AT ABERCROMBIE NO.2,-33.956499,149.315944,284.6,2025-06-25T20:34:43.000+10:00,2012-08-06T11:34:28.000+10:00,NSW - Water NSW
candidate_recent,210022,ALLYN RIVER AT HALTON,-32.3063,151.5129,284.6,2025-06-25T20:39:01.000+10:00,1976-08-09T13:54:59.000+10:00,NSW - Water NSW
candidate_recent,208011,BARNARD RIVER AT MACKAY,-31.771374415,151.899184136,284.6,2025-06-25T22:06:46.000+10:00,1993-04-15T16:45:00.000+10:00,NSW - Water NSW
candidate_recent,219032,BEGA RIVER AT KANOONA,-36.73,149.7975,284.6,2025-06-25T20:32:09.000+10:00,2005-09-17T00:13:59.000+10:00,NSW - Water NSW
candidate_recent,420003,BELAR CREEK AT WARKTON (BLACKBURNS),-31.385333,149.203116,284.6,2025-06-25T20:36:35.000+10:00,1977-09-14T16:29:59.000+10:00,NSW - Water NSW
candidate_recent,419085,BOMERA CREEK AT TAMBAR-PREMER ROAD,-31.375513,149.871798,284.6,2025-06-25T20:40:12.000+10:00,1996-03-02T14:29:00.000+10:00,NSW - Water NSW
candidate_recent,212018,CAPERTEE RIVER AT GLEN DAVIS,-33.121,150.2806,284.6,2025-06-25T20:12:13.000+10:00,2015-01-13T12:00:00.000+10:00,NSW - Water NSW
candidate_recent,419033,COXS CREEK AT TAMBAR SPRINGS,-31.347831,149.885184,284.6,2025-06-25T20:50:36.000+10:00,1996-05-15T12:14:59.000+10:00,NSW - Water NSW
candidate_recent,210124,DART BROOK AT YARRANDI BRIDGE,-32.011016572,150.784032241,284.6,2025-06-25T20:31:07.000+10:00,1994-03-09T14:00:00.000+10:00,NSW - Water NSW
candidate_recent,212042,FARMERS CREEK AT MOUNT WALKER,-33.4962,150.0984,284.6,2025-06-25T21:49:01.000+10:00,2000-12-14T15:00:00.000+10:00,NSW - Water NSW
candidate_recent,208003,GLOUCESTER RIVER AT DOON AYRE,-31.896573532,152.097373861,284.6,2025-06-25T21:59:58.000+10:00,1991-10-30T09:15:00.000+10:00,NSW - Water NSW
candidate_recent,419035,GOONOO GOONOO CREEK AT TIMBUMBURI,-31.270821,150.915141,284.6,2025-06-25T22:18:45.000+10:00,1991-08-15T17:29:59.000+10:00,NSW - Water NSW
candidate_recent,210006,GOULBURN RIVER AT COGGAN,-32.3444,150.1013,284.6,2025-06-25T21:28:41.000+10:00,2006-05-10T13:46:59.000+10:00,NSW - Water NSW
candidate_recent,412904,HUMBUG CREEK AT HOMETURN,-33.607763,146.881381,284.6,2025-06-25T20:39:59.000+10:00,2023-02-16T10:30:00.000+10:00,NSW - Water NSW
candidate_recent,210056,HUNTER RIVER AT ABERDEEN,-32.1588,150.8811,284.6,2025-06-25T20:21:36.000+10:00,2017-07-14T08:21:00.000+10:00,NSW - Water NSW
candidate_recent,210015,HUNTER RIVER AT D/S GLENBAWN DAM,-32.1117,150.991,284.6,2025-06-25T21:05:53.000+10:00,2017-07-14T07:14:00.000+10:00,NSW - Water NSW
candidate_recent,210018,HUNTER RIVER AT MOONAM DAM SITE,-31.9157,151.2153,284.6,2025-06-25T21:20:12.000+10:00,1991-11-13T10:29:59.000+10:00,NSW - Water NSW
candidate_recent,211010,JILLIBY CREEK AT U/S WYONG RIVER (DURREN LANE),-33.2453775,151.391474,284.6,2025-06-25T20:47:43.000+10:00,2016-05-09T06:28:25.000+10:00,NSW - Water NSW
candidate_recent,210093,KINGDON PONDS CREEK AT NEAR PARKVILLE,-31.95713381,150.856786777,284.6,2025-06-25T20:33:52.000+10:00,1991-11-14T11:29:59.000+10:00,NSW - Water NSW
candidate_recent,412065,LACHLAN RIVER AT NARRAWA,-34.397285,149.090731,284.6,2025-06-25T20:26:12.000+10:00,1992-01-10T10:59:59.000+10:00,NSW - Water NSW
candidate_recent,419034,MOOKI RIVER AT CAROONA,-31.407282,150.428432,284.6,2025-06-25T21:08:24.000+10:00,1996-02-27T11:59:59.000+10:00,NSW - Water NSW
candidate_recent,419084,MOOKI RIVER AT RUVIGNE,-31.035111,150.333777,284.6,2025-06-25T22:03:23.000+10:00,1994-06-29T08:45:00.000+10:00,NSW - Water NSW
candidate_recent,210061,PAGES RIVER AT BLANDFORD (BICKHAM),-31.809757932,150.925186611,284.6,2025-06-25T21:37:28.000+10:00,1985-09-26T15:00:00.000+10:00,NSW - Water NSW
candidate_recent,210014,ROUCHEL BROOK AT ROUCHEL BROOK (THE VALE),-32.1515,151.0486,284.6,2025-06-25T20:27:47.000+10:00,1992-01-23T15:44:59.000+10:00,NSW - Water NSW
candidate_recent,412029,BOOROWA RIVER AT PROSSERS CROSSING,-34.14253,148.811316,284.7,2025-06-25T17:51:12.000+10:00,1996-02-06T18:30:00.000+10:00,NSW - Water NSW
candidate_recent,41000270,BREDBO RIVER AT BREDBO STATION,-35.985058603,149.172895656,284.7,2025-06-25T17:46:46.000+10:00,2012-08-23T01:39:56.000+10:00,NSW - Water NSW
candidate_recent,419086,BUNDELLA CREEK AT BUNDELLA,-31.570469,149.982986,284.7,2025-06-25T19:58:26.000+10:00,1996-03-03T13:44:00.000+10:00,NSW - Water NSW
candidate_recent,570338,BUNGENDORE (MULLOON TRIG),-35.270176,149.601989,284.7,2025-06-25T17:44:40.000+10:00,2020-05-20T13:30:00.000+10:00,
candidate_recent,072169,COURABYRA TBRG AT COURABYRA ROAD,-35.710784799,148.002376412,284.7,2025-06-25T18:03:02.000+10:00,2011-10-26T17:32:35.000+10:00,NSW - Water NSW
candidate_recent,412903,HUMBUG CREEK AT GLENEEN,-33.630782,146.8339,284.7,2025-06-25T19:48:18.000+10:00,2023-02-16T13:35:00.000+10:00,NSW - Water NSW
candidate_recent,210055,HUNTER RIVER AT DENMAN,-32.3806078,150.7116696,284.7,2025-06-25T19:39:56.000+10:00,1993-02-12T13:13:00.000+10:00,NSW - Water NSW
candidate_recent,410025,JUGIONG CREEK AT JUGIONG (INVERLOCKIE),-34.7877,148.377,284.7,2025-06-25T19:26:03.000+10:00,1995-12-04T08:00:00.000+10:00,NSW - Water NSW
candidate_recent,410156,KYEAMBA CREEK AT BOOK BOOK,-35.3511,147.5529,284.7,2025-06-25T18:12:56.000+10:00,1999-10-28T13:09:00.000+10:00,NSW - Water NSW
candidate_recent,412139,MANDAGERY CREEK AT GLENAYR,-33.36868261,148.592849267,284.7,2025-06-25T18:40:18.000+10:00,1992-03-22T00:00:00.000+10:00,NSW - Water NSW
candidate_recent,215008,SHOALHAVEN RIVER AT KADOONA,-35.790125,149.639473,284.7,2025-06-25T18:13:02.000+10:00,1976-01-20T14:59:59.000+10:00,NSW - Water NSW
candidate_recent,568295,TBRG LAKESLAND ROAD,-34.182256,150.551728,284.7,2025-06-25T19:30:14.000+10:00,1990-12-04T10:59:59.000+10:00,NSW - Water NSW
candidate_recent,410160,WILLIAMS CREEK AT WHITE HILL,-34.9535,149.1886,284.7,2025-06-25T17:53:07.000+10:00,1989-05-25T12:00:00.000+10:00,NSW - Water NSW
candidate_recent,412010,WYANGALA DAM AT STORAGE GAUGE,-33.9688,148.9517,284.7,2025-06-25T18:43:38.000+10:00,2012-08-12T01:10:37.000+10:00,NSW - Water NSW
candidate_recent,410137,BEAVERS CREEK AT MUNDOWEY,-35.0637,147.1246,284.8,2025-06-25T15:44:10.000+10:00,2011-10-27T12:00:00.000+10:00,NSW - Water NSW
candidate_recent,41000280,BURKES CREEK AT MANGOPLAH,-35.36944444,147.25111111,284.8,2025-06-25T16:44:34.000+10:00,2016-05-06T15:00:00.000+10:00,NSW - Water NSW
candidate_recent,570967,Back Flats,-35.51925,148.90963889,284.8,2025-06-25T16:08:46.000+10:00,1967-09-28T12:41:00.000+10:00,ACT - Icon Water Limited
candidate_recent,412902,HUMBUG CREEK AT MASCOT,-33.771568,146.924683,284.8,2025-06-25T17:30:51.000+10:00,2023-02-16T08:45:00.000+10:00,NSW - Water NSW
candidate_recent,410112,JINDALEE CREEK AT JINDALEE,-34.5746,148.0889,284.8,2025-06-25T17:16:03.000+10:00,1975-08-19T18:15:00.000+10:00,NSW - Water NSW
candidate_recent,401008,MANNUS CREEK AT TOOMA,-35.94329167,148.02729167,284.8,2025-06-25T15:38:25.000+10:00,2018-02-15T20:00:00.000+10:00,NSW - Water NSW
candidate_recent,573015,MUNDARLO TBRG AT MUNDARLO ROAD,-35.08847,147.86006,284.8,2025-06-25T17:01:48.000+10:00,2011-10-27T16:59:59.000+10:00,NSW - Water NSW
candidate_recent,41000207,MUTTAMA CREEK AT BERTHONG ROAD,-34.5956,148.0177,284.8,2025-06-25T16:51:01.000+10:00,2004-07-01T15:40:00.000+10:00,NSW - Water NSW
candidate_recent,410155,TARCUTTA CREEK AT BELMORE BRIDGE,-35.4733,147.8549,284.8,2025-06-25T16:45:22.000+10:00,1999-10-28T10:46:00.000+10:00,NSW - Water NSW
candidate_recent,401014,TOOMA RIVER AT PINEGROVE,-36.04153056,148.05349444,284.8,2025-06-25T15:29:36.000+10:00,1993-09-01T15:59:59.000+10:00,NSW - Water NSW
candidate_recent,401007,TUMBARUMBA CREEK AT TUMBARUMBA NO.2,-35.802312089,148.008763609,284.8,2025-06-25T16:00:32.000+10:00,2018-02-14T19:44:00.000+10:00,NSW - Water NSW
candidate_recent,412134,WATTLE CREEK AT DUDAUMAN,-34.5955,147.8659,284.8,2025-06-25T16:56:55.000+10:00,1988-09-21T11:40:00.000+10:00,NSW - Water NSW
candidate_recent,573016,ADJUNGBILLY TBRG AT PARSON CREEK ROAD,-35.05079804,148.41450939,284.9,2025-06-25T13:30:03.000+10:00,2011-11-30T09:49:33.000+10:00,NSW - Water NSW
candidate_recent,219025,BROGO RIVER AT ANGLEDALE,-36.6176,149.8821,284.9,2025-06-25T14:48:21.000+10:00,1999-08-04T13:01:00.000+10:00,NSW - Water NSW
candidate_recent,41000279,BROOKONG CREEK AT HOLLIES ROAD,-35.17829,146.78208,284.9,2025-06-25T14:59:05.000+10:00,2016-04-15T14:15:00.000+10:00,NSW - Water NSW
candidate_recent,570350,GOULBURN (WATER TREATMENT WORKS),-34.74897778,149.6962917,284.9,2025-06-25T13:59:20.000+10:00,1990-12-19T10:18:00.000+10:00,
candidate_recent,215007,MONGARLOWE RIVER AT MONGA,-35.540229,149.929056,284.9,2025-06-25T13:44:05.000+10:00,2003-08-07T15:31:59.000+10:00,NSW - Water NSW
candidate_recent,412042,WILLANDRA CREEK AT WILLANDRA HOMESTEAD,-33.197765,145.123197,284.9,2025-06-25T15:06:47.000+10:00,2014-12-01T14:15:00.000+10:00,NSW - Water NSW
candidate_recent,409113,BARBERS CREEK AT BARBERS POOL,-35.588397,144.183064,285.0,2025-06-25T12:11:19.000+10:00,2014-08-01T15:00:00.000+10:00,NSW - Water NSW
candidate_recent,41000269,BRUNGLE CREEK AT RED HILL NO.2,-35.132619,148.255149,285.0,2025-06-25T12:08:02.000+10:00,2012-05-10T11:08:21.000+10:00,NSW - Water NSW
candidate_recent,215014,BUNGONIA CREEK AT BUNGONIA,-34.81954,149.9885,285.0,2025-06-25T11:27:06.000+10:00,2004-07-16T11:19:59.000+10:00,NSW - Water NSW
candidate_recent,210153,CONGEWAI CREEK AT MILLFIELD,-32.88916667,151.24773333,285.0,2025-06-25T11:03:46.000+10:00,2020-01-30T08:30:00.000+10:00,NSW - Water NSW
candidate_recent,416023,DEEPWATER RIVER AT BOLIVIA,-29.2913,151.9245,285.0,2025-06-25T12:16:40.000+10:00,1993-03-25T12:56:59.000+10:00,NSW - Water NSW
candidate_recent,416066,MACINTYRE RIVER AT RIVERSTONE,-29.7987,151.2015,285.0,2025-06-25T11:12:44.000+10:00,2000-06-22T12:45:00.000+10:00,NSW - Water NSW
candidate_recent,215018,BROUGHTON MILL CREEK AT BROUGHTON VALE,-34.75695,150.71666,285.1,2025-06-25T09:35:03.000+10:00,2008-06-19T11:44:59.000+10:00,NSW - Water NSW
candidate_recent,410060,NIMMING POLLEN CREEK AT OFFTAKE,-34.5029,144.3044,285.1,2025-06-25T09:03:45.000+10:00,2011-02-01T17:59:19.000+10:00,NSW - Water NSW
candidate_recent,416315A,PIKE CREEK AT GLENLYON DAM - STORAGE GAUGE,-28.9651,151.4511,285.1,2025-06-25T09:00:01.000+10:00,1995-07-01T08:59:59.000+10:00,NSW - Water NSW
candidate_recent,416069,FRAZERS CREEK AT GLENORCHY,-29.5115,151.1777,285.2,2025-06-25T07:02:11.000+10:00,2002-05-30T11:00:00.000+10:00,NSW - Water NSW
candidate_recent,204036,CATARACT CREEK AT SANDY HILL(BELOW SNAKE CREEK),-28.932533363,152.218236203,285.3,2025-06-25T04:14:56.000+10:00,1976-12-17T09:30:00.000+10:00,NSW - Water NSW
candidate_recent,208005,NOWENDOC RIVER AT ROCKS CROSSING,-31.77346271,152.079340772,285.3,2025-06-25T03:17:41.000+10:00,1991-10-30T15:30:00.000+10:00,NSW - Water NSW
candidate_recent,206026,SANDY CREEK AT NEWHOLME,-30.418577,151.65706,285.3,2025-06-25T04:01:04.000+10:00,1975-05-19T15:00:00.000+10:00,NSW - Water NSW
candidate_recent,204033,TIMBARRA RIVER AT BILLYRIMBA,-29.192799997,152.251200001,285.3,2025-06-25T03:58:59.000+10:00,1997-12-09T16:49:00.000+10:00,NSW - Water NSW
candidate_recent,416008,BEARDY RIVER AT HAYSTACK,-29.2179,151.3838,285.4,2025-06-25T02:26:59.000+10:00,2000-01-20T11:45:59.000+10:00,NSW - Water NSW
candidate_recent,206037,DUMARESQ CREEK D/S DUMARESQ DAM,-30.463365,151.615799,285.4,2025-06-25T01:41:46.000+10:00,1998-12-21T13:00:00.000+10:00,NSW - Water NSW
candidate_recent,416059,KINGS CREEK AT GRED,-29.80481,151.42029,285.4,2025-06-25T01:59:14.000+10:00,1998-07-15T12:59:59.000+10:00,NSW - Water NSW
candidate_recent,416062,KINGS CREEK AT NEWSTEAD NORTH,-29.82859,151.34861,285.4,2025-06-25T01:49:52.000+10:00,1998-06-25T15:59:59.000+10:00,NSW - Water NSW
candidate_recent,416031,MACINTYRE RIVER AT RIDGELANDS,-29.05726,150.90381,285.4,2025-06-25T01:45:59.000+10:00,1997-03-06T14:07:59.000+10:00,NSW - Water NSW
candidate_recent,416068,MACINTYRE RIVER AT TINTOT,-29.4216,150.9822,285.4,2025-06-25T01:28:20.000+10:00,2002-07-11T10:50:00.000+10:00,NSW - Water NSW
candidate_recent,416063,MACINTYRE RIVER AT WYOMING,-29.9281,151.4405,285.4,2025-06-25T01:34:37.000+10:00,1998-06-24T14:59:59.000+10:00,NSW - Water NSW
candidate_recent,416032,MOLE RIVER AT DONALDSON,-29.0154,151.5997,285.4,2025-06-25T03:01:23.000+10:00,2000-01-19T14:06:59.000+10:00,NSW - Water NSW
candidate_recent,416061,PARADISE CREEK AT PARADISE STATION,-29.87429,151.46831,285.4,2025-06-25T02:11:00.000+10:00,1998-07-16T10:44:59.000+10:00,NSW - Water NSW
candidate_recent,204900,CLARENCE RIVER AT BARYULGIL,-29.196113,152.593194,285.5,2025-06-25T00:21:41.000+10:00,1994-10-05T16:15:00.000+10:00,NSW - Water NSW
candidate_recent,204403,COLDSTREAM RIVER AT TUCABIA,-29.666582,153.105249,285.5,2025-06-25T00:36:38.000+10:00,2001-08-14T11:54:00.000+10:00,NSW - Water NSW
candidate_recent,416055,MIDDLE CREEK AT FERNDALE,-29.82893,151.14355,285.5,2025-06-25T00:52:15.000+10:00,1997-04-17T11:59:59.000+10:00,NSW - Water NSW
candidate_recent,416064,MIDDLE CREEK AT STANNIFER,-29.8803,151.2149,285.5,2025-06-25T00:49:41.000+10:00,1998-06-26T13:00:00.000+10:00,NSW - Water NSW
candidate_recent,416020,OTTLEYS CREEK AT COOLATAI,-29.2324,150.7592,285.5,2025-06-24T23:47:18.000+10:00,1996-05-15T12:59:59.000+10:00,NSW - Water NSW
candidate_recent,416040,DUMARESQ RIVER AT GLENARBON WEIR,-28.692,150.8917,285.6,2025-06-24T21:53:09.000+10:00,1996-06-05T15:29:59.000+10:00,NSW - Water NSW
candidate_recent,416083,DUMARESQ RIVER AT KEETAH BRIDGE,-28.645145,150.71647,285.6,2025-06-24T21:40:42.000+10:00,2024-04-30T10:00:00.000+10:00,NSW - Water NSW
candidate_recent,416021,FRAZERS CREEK AT WESTHOLME (ASHFORD),-29.35319,151.09448,285.6,2025-06-24T21:02:43.000+10:00,2002-05-30T15:19:59.000+10:00,NSW - Water NSW
candidate_recent,416057,MACINTYRE RIVER AT ELSMORE BRIDGE,-29.81242,151.26382,285.6,2025-06-24T20:54:16.000+10:00,1998-07-14T11:59:59.000+10:00,NSW - Water NSW
candidate_recent,416058,MACINTYRE RIVER AT YETMAN BRIDGE,-28.901481,150.781728,285.6,2025-06-24T21:12:26.000+10:00,2000-01-20T14:45:59.000+10:00,NSW - Water NSW
candidate_recent,418005,COPES CREEK AT KIMBERLEY,-29.915899,151.114761,285.8,2025-06-24T17:10:28.000+10:00,2000-10-20T10:30:00.000+10:00,NSW - Water NSW
candidate_recent,418008,GWYDIR RIVER AT BUNDARRA,-30.17075556,151.06505833,285.8,2025-06-24T17:03:39.000+10:00,2000-10-16T13:10:00.000+10:00,NSW - Water NSW
candidate_recent,418013,GWYDIR RIVER AT GRAVESEND ROAD BRIDGE,-29.5819,150.3666,285.8,2025-06-24T16:33:16.000+10:00,1996-10-18T12:25:59.000+10:00,NSW - Water NSW
candidate_recent,418027,HORTON RIVER AT HORTON DAM SITE,-30.20690833,150.42795278,285.8,2025-06-24T17:38:32.000+10:00,2007-02-28T08:33:59.000+10:00,NSW - Water NSW
candidate_recent,210010,WILLIAMS RIVER AT GLEN MARTIN (MILL DAM FALLS),-32.5586,151.8043,285.9,2025-06-24T13:05:47.000+10:00,1998-06-22T03:47:59.000+10:00,NSW - Water NSW
candidate_recent,416037,BOOMI RIVER AT BOOMI WEIR OFFTAKE,-28.6265,149.6677,286.0,2025-06-24T12:47:09.000+10:00,1997-03-20T09:44:59.000+10:00,NSW - Water NSW
candidate_recent,419032,COXS CREEK AT BOGGABRI,-30.76198,149.98451,286.0,2025-06-24T12:04:33.000+10:00,1996-03-01T10:49:59.000+10:00,NSW - Water NSW
candidate_recent,567069,EASTERN CREEK D/S GREAT WESTERN HWY (BoM),-33.788881,150.861956,286.0,2025-06-24T12:23:59.000+10:00,2011-05-24T15:30:00.000+10:00,NSW - Water NSW
candidate_recent,418070,MOOMIN CREEK AT MOOMIN PLAINS,-29.6352,148.9592,286.0,2025-06-24T12:26:21.000+10:00,2008-06-26T13:25:59.000+10:00,NSW - Water NSW
candidate_recent,220003,PAMBULA RIVER AT LOCHIEL,-36.9398,149.8206,286.0,2025-06-24T12:29:36.000+10:00,2009-04-28T16:13:00.000+10:00,NSW - Water NSW
candidate_recent,216002,CLYDE RIVER AT BROOMAN,-35.4681,150.2394,286.1,2025-06-24T09:15:03.000+10:00,2015-07-30T09:00:00.000+10:00,NSW - Water NSW
candidate_recent,570341,GOULBURN (GUNDOWRINGA),-34.54388918,149.57388847,286.1,2025-06-24T09:47:40.000+10:00,1987-01-18T12:02:00.000+10:00,
candidate_recent,422016,NARRAN RIVER AT WILBY WILBY (BELVEDERE),-29.4457,147.5289,286.1,2025-06-24T10:03:47.000+10:00,2010-02-03T12:13:59.000+10:00,NSW - Water NSW
candidate_recent,212320,SOUTH CREEK @ ELISABETH DRIVE,-33.87735,150.768594,286.1,2025-06-24T10:08:40.000+10:00,1978-08-02T13:40:00.000+10:00,NSW - Water NSW
candidate_recent,570352,Taralga Summerlee,-34.4164,149.8667,286.1,2025-06-24T10:17:50.000+10:00,2019-05-23T09:00:00.000+10:00,
candidate_recent,422005,BOKHARA RIVER AT BOKHARA (GOODWINS),-29.6243,147.0194,286.2,2025-06-24T06:48:41.000+10:00,2009-09-09T16:39:59.000+10:00,NSW - Water NSW
candidate_recent,421146,GUM COWAL AT BIFURCATION,-31.17914,147.670687,286.2,2025-06-24T07:45:22.000+10:00,2017-11-17T15:17:52.000+10:00,NSW - Water NSW
candidate_recent,422034,NARRAN RIVER @ BACK LAKE,-29.7194,147.4569,286.2,2025-06-24T07:47:29.000+10:00,2009-12-10T13:24:59.000+10:00,NSW - Water NSW
candidate_recent,423008,WARREGO RIVER AT  BOERA DAM,-30.09945237,145.42786377,286.3,2025-06-24T03:26:42.000+10:00,2022-09-02T09:35:33.000+10:00,NSW - Water NSW
candidate_recent,568081,WILDES MEADOW,-34.60431346,150.51134865,287.1,2025-06-23T09:00:00.000+10:00,2020-03-02T09:00:00.000+10:00,
candidate_recent,DAM_MANGRV.1,DAM-MANGRV.Dam_WaterStorage_ML_BOM2012,-33.2174174735043,151.119433270541,287.5,2025-06-22T23:00:01.000+10:00,2012-01-29T20:59:59.000+10:00,NSW - Gosford City Council
candidate_recent,DAM_MOONEY.1,DAM-MOONEY.Dam_WaterStorage_ML_BOM2012,-33.3763376646028,151.248909924315,287.5,2025-06-22T23:00:01.000+10:00,2014-07-21T23:00:00.000+10:00,NSW - Gosford City Council
candidate_recent,WTP_M.1,MHL site 561082 @ Mardi Dam data is used to update this siteindicator manually,-33.3005555607581,151.411388904267,287.5,2025-06-22T23:00:01.000+10:00,1999-02-25T23:00:00.000+10:00,NSW - Central Coast Council
candidate_recent,WTP_S.1,WTP-S.Rainfall_mm,-33.4151974926437,151.274311574553,287.5,2025-06-22T23:00:01.000+10:00,1992-07-01T00:00:00.000+10:00,NSW - Gosford City Council
candidate_recent,218008,TUROSS RIVER AT EUROBODALLA,-36.1289,150.0032,287.9,2025-06-22T13:28:22.000+10:00,1998-10-13T16:12:00.000+10:00,NSW - Water NSW
candidate_recent,207004,HASTINGS RIVER AT ELLENBOROUGH (KINDEE BRIDGE),-31.422471,152.471453,288.2,2025-06-22T06:27:01.000+10:00,1991-11-01T13:14:59.000+10:00,NSW - Water NSW
candidate_recent,568083,SHELLEYS FLAT,-34.73949976,149.98497488,294.1,2025-06-16T09:00:01.000+10:00,2007-05-31T14:32:15.000+10:00,
candidate_recent,047058,MENINDEE DWR DEPOT (CBM),-32.390190378,142.416572175,302.6,2025-06-07T20:24:22.000+10:00,2010-08-20T14:49:52.000+10:00,NSW - Water NSW
candidate_recent,568067,TBRG BETH SALEM,-34.326108,150.848406,307.9,2025-06-02T15:11:41.000+10:00,2016-02-24T08:19:23.000+10:00,
candidate_recent,00300,Adaminaby Tipping Bucket Raingauge,-35.99254218,148.78055565,309.5,2025-06-01T00:01:01.000+10:00,2000-11-26T13:35:00.000+10:00,NSW - Snowy Hydro Limited
candidate_recent,563047,KATOOMBA (NARROW NECK),-33.78969547,150.26120163,313.1,2025-05-28T09:58:07.000+10:00,1981-04-22T12:40:00.000+10:00,
candidate_recent,563035,GREENWATTLE CREEK,-33.97221,150.38227,332.0,2025-05-09T12:13:11.000+10:00,1982-06-09T11:30:00.000+10:00,
candidate_recent,600577,Brownleys Back Creek,-35.65277778,148.46388889,348.8,2025-04-22T15:19:06.000+10:00,2006-11-15T10:09:39.000+10:00,NSW - Snowy Hydro Limited
candidate_recent,563046,MCMAHONS LOOKOUT,-33.88787,150.38569,362.0,2025-04-09T12:01:33.000+10:00,1981-04-23T09:30:00.000+10:00,
candidate_recent,212285,GREAVES CREEK AT GREAVES CREEK DAM,-33.65472266,150.30888921,362.1,2025-04-09T09:00:01.000+10:00,2011-05-26T14:48:00.000+10:00,NSW - Water NSW
candidate_stale,570946,Cotter Hut,-35.64947222,148.83144444,366.9,2025-04-04T12:59:46.000+10:00,1932-12-31T08:59:59.000+10:00,ACT - Icon Water Limited
candidate_stale,568038,WOLLONDILLY (JOORILAND) TBRG,-34.22865,150.25381,369.1,2025-04-02T09:00:01.000+10:00,1981-05-11T12:05:00.000+10:00,
candidate_stale,563041,JENOLAN (BLACK RANGE),-33.77643499,150.1203692,375.1,2025-03-27T08:09:07.000+10:00,1981-04-22T16:40:00.000+10:00,
candidate_stale,563042,JENOLAN (BUDTHINGEROO),-33.88683186,150.04627521,376.0,2025-03-26T10:32:09.000+10:00,1981-06-10T11:32:00.000+10:00,
candidate_stale,563050,MOUNT WERONG (VENNS PROPERTY),-34.0813892,149.91555552,376.9,2025-03-25T13:28:51.000+10:00,1981-04-30T09:26:00.000+10:00,
candidate_stale,563054,MOUNT SHIVERING,-34.12361099,150.0469441,377.0,2025-03-25T12:50:41.000+10:00,1981-05-13T09:36:00.000+10:00,
candidate_stale,563055,YERRANDERIE,-34.11666668,150.21916618,377.0,2025-03-25T11:18:01.000+10:00,1981-03-13T13:06:00.000+10:00,
candidate_stale,570971,Paddys River at Riverlea,-35.38194444,148.96661111,382.0,2025-03-20T12:42:16.000+10:00,1946-05-18T08:59:59.000+10:00,ACT - Icon Water Limited
candidate_stale,222023,SNOWY RIVER AT WILLIS,-36.8882,148.4209,418.9,2025-02-11T15:15:01.000+10:00,1999-04-27T00:03:59.000+10:00,NSW - Water NSW
candidate_stale,569004,NERRIGA (QUILTYS FOREST),-35.126967,150.102044,433.0,2025-01-28T11:22:33.000+10:00,1983-01-02T15:26:00.000+10:00,
candidate_stale,568134,NERRIGA (THE JUMPS),-35.02989228,150.13993469,433.9,2025-01-27T13:02:54.000+10:00,1981-08-03T05:00:00.000+10:00,
candidate_stale,664100,GERROA WEATHER STATION,-34.75061,150.799206,519.2,2024-11-03T07:52:19.000+10:00,2013-08-12T03:00:00.000+10:00,
candidate_stale,212048,SOUTH CREEK AT GREAT WESTERN HIGHWAY,-33.7694,150.761844,538.9,2024-10-14T14:07:22.000+10:00,2008-07-14T14:00:00.000+10:00,NSW - Water NSW
candidate_stale,421078,MACQUARIE RIVER AT BURRENDONG DAM - STORAGE GAUGE,-32.6673,149.1115,552.8,2024-09-30T16:31:17.000+10:00,2009-01-01T09:00:00.000+10:00,NSW - Water NSW
candidate_stale,421198,DPI-ORANGE AUTO WEATHER STATION,-33.321008,149.082783,730.8,2024-04-05T15:45:05.000+10:00,2016-06-14T15:04:00.000+10:00,NSW - Water NSW
candidate_stale,563079,WOODFORD RANGE,-33.79301,150.51033,768.6,2024-02-27T21:27:00.000+10:00,2024-02-27T20:25:11.000+10:00,
candidate_stale,569005,BRAIDWOOD (REIDSDALE),-35.552205,149.858647,788.1,2024-02-08T09:45:01.000+10:00,2019-01-30T10:44:10.000+10:00,
candidate_stale,EW0902,LMWQCC Weather Station,-35.249217,148.974483,844.3,2023-12-14T05:00:01.000+10:00,2009-09-19T05:00:00.000+10:00,ACT - Icon Water Limited
candidate_stale,569006,BALLALABA (NITHDALE),-35.57904,149.654297,956.8,2023-08-23T16:55:50.000+10:00,2019-01-30T09:29:47.000+10:00,
candidate_stale,566087,GLADESVILLE BOWLING CLUB,-33.8226,151.1294,1010.4,2023-07-01T03:00:01.000+10:00,1991-02-08T12:30:00.000+10:00,NSW - Sydney Water Corporation (Sydney Water)
candidate_stale,421199,DPI-TRANGIE AUTO WEATHER STATION,-31.986046,147.948961,1033.0,2023-06-08T10:32:43.000+10:00,2020-12-29T10:30:13.000+10:00,
candidate_stale,204008,GUY FAWKES RIVER AT EBOR,-30.403717943,152.346881542,1090.6,2023-04-11T21:00:01.000+10:00,1997-11-05T09:35:59.000+10:00,NSW - Water NSW
candidate_stale,412905,HUMBUG CREEK AT UNGARIE,-33.63638,146.972707,1120.0,2023-03-13T12:04:59.000+10:00,2023-03-08T14:27:42.000+10:00,NSW - Water NSW
candidate_stale,570345,ORANMEIR (YARRA GLEN),-35.83235819,149.62548666,1147.5,2023-02-13T23:58:34.000+10:00,2022-05-10T19:16:03.000+10:00,
candidate_stale,00001,Ravine Raingauge,-35.79583333,148.40416667,1168.0,2023-01-24T11:10:01.000+10:00,1970-03-31T11:12:00.000+10:00,NSW - Snowy Hydro Limited
candidate_stale,409014,EDWARD RIVER AT MOULAMEIN,-35.0899,144.0331,1263.1,2022-10-21T09:00:01.000+10:00,2010-03-12T08:58:59.000+10:00,NSW - Water NSW
candidate_stale,412006,LACHLAN RIVER AT CONDOBOLIN BRIDGE,-33.091,147.1482,1288.1,2022-09-26T09:00:01.000+10:00,2010-07-21T08:58:59.000+10:00,NSW - Water NSW
candidate_stale,412002,LACHLAN RIVER AT COWRA,-33.833,148.6839,1288.1,2022-09-26T09:00:01.000+10:00,2010-11-20T09:00:00.000+10:00,NSW - Water NSW
candidate_stale,412004,LACHLAN RIVER AT FORBES (COTTONS WEIR),-33.410809038,147.991050384,1288.1,2022-09-26T09:00:01.000+10:00,2010-11-20T09:00:00.000+10:00,NSW - Water NSW
candidate_stale,412039,LACHLAN RIVER AT HILLSTON WEIR,-33.4873,145.504,1289.1,2022-09-25T09:00:01.000+10:00,2008-10-01T08:58:59.000+10:00,NSW - Water NSW
candidate_stale,212063,LAKE NERRIGORANG AT THIRLMERE LAKES,-34.22289316,150.53431691,1315.0,2022-08-30T12:10:46.000+10:00,2014-09-23T09:59:59.000+10:00,NSW - Water NSW
candidate_stale,215016,BOMADERRY CREEK AT BOMADERRY,-34.8398,150.587,1623.1,2021-10-26T08:45:01.000+10:00,2003-07-03T15:29:59.000+10:00,NSW - Water NSW
candidate_stale,203063,DPI-ALSTONVILLE AUTO WEATHER STATION,-28.852135996,153.455567002,1657.7,2021-09-21T17:44:00.000+10:00,2017-04-03T15:11:19.000+10:00,NSW - Water NSW
candidate_stale,STP_W.1,STP-W.Rainfall_mm,-33.4987261293299,151.294616782264,1680.5,2021-08-29T23:00:01.000+10:00,2009-07-01T09:00:00.000+10:00,NSW - Gosford City Council
candidate_stale,422031,NARRAN RIVER @ BUNDAH,-29.76657175,147.40825794,1712.1,2021-07-29T10:00:01.000+10:00,2010-01-19T13:58:59.000+10:00,NSW - Water NSW
candidate_stale,213006,FISHERS GHOST CREEK @ BRADBURY PARK,-34.075497,150.811242,1776.2,2021-05-26T07:10:10.000+10:00,1981-04-09T12:15:00.000+10:00,NSW - Water NSW
candidate_stale,206044,DUMARESQ CREEK DUMARESQ DAM - STORAGE,-30.43039688,151.59783283,1865.0,2021-02-26T11:00:01.000+10:00,2012-11-24T19:38:02.000+10:00,NSW - Water NSW
candidate_stale,568232,TBRG 1 AT THIRLMERE LAKES,-34.21990627,150.5472105,1878.7,2021-02-12T19:36:08.000+10:00,2013-11-21T13:10:14.000+10:00,NSW - Water NSW
candidate_stale,41000275,DPI-WAGGA AUTO WEATHER STATION,-35.050465,147.35342,1960.0,2020-11-23T12:33:26.000+10:00,2017-04-03T09:56:07.000+10:00,NSW - Water NSW
candidate_stale,421189,FISH RIVER AT OBERON DAM - STORAGE GAUGE,-33.72500784,149.86464643,1967.0,2020-11-16T11:31:34.000+10:00,2012-12-07T08:35:47.000+10:00,NSW - Water NSW
candidate_stale,412152,CUMBUNG SWAMP EAST OF NORTH/SOUTH LEVEE,-34.30092564,143.99355761,2014.0,2020-09-30T11:00:01.000+10:00,2008-09-04T23:00:00.000+10:00,NSW - Water NSW
candidate_stale,570922,Little Creamy Flats at Coronet Peak,-35.66736111,148.87611111,2257.3,2020-01-31T05:00:01.000+10:00,1983-03-18T15:43:00.000+10:00,ACT - Icon Water Limited
candidate_stale,221001,GENOA RIVER @ ROCKTON,-37.13865499,149.3172961,2301.0,2019-12-18T11:49:06.000+10:00,1994-10-19T20:01:58.000+10:00,"VIC - Department of Energy, Environment and Climate Action"
candidate_stale,570915,Gudgenby Homestead,-35.74236111,148.98408333,2329.3,2019-11-20T05:00:01.000+10:00,1978-09-23T16:27:00.000+10:00,ACT - Icon Water Limited
candidate_stale,570805,Upper Naas Valley,-35.81052778,149.07308333,2329.3,2019-11-20T05:00:01.000+10:00,1988-09-20T13:03:00.000+10:00,ACT - Icon Water Limited
candidate_stale,2122516,FARMERS CREEK AT MOUNT WALKER,-33.497674,150.098527,2344.5,2019-11-05T00:00:01.000+10:00,2019-05-08T12:00:00.000+10:00,NSW - Water NSW
candidate_stale,212280,NATTAI RIVER AT THE CAUSEWAY,-34.14376,150.42477,2344.5,2019-11-05T00:00:01.000+10:00,2019-05-01T00:15:00.000+10:00,NSW - Water NSW
candidate_stale,STP_MP.1,STP-MP.Rainfall_mm,-33.1716666702594,151.551388902213,2395.5,2019-09-14T23:00:01.000+10:00,2009-06-30T23:00:00.000+10:00,NSW - Central Coast Council
candidate_stale,M685,Abermain BC Rain Gauge,-32.80655278,151.426708,2489.2,2019-06-13T08:00:01.000+10:00,1950-10-01T08:00:00.000+10:00,NSW - Hunter Water
candidate_stale,M686,Balickera Canal Rain Gauge,-32.66026389,151.7808139,2489.2,2019-06-13T08:00:01.000+10:00,1950-10-01T08:00:00.000+10:00,NSW - Hunter Water
candidate_stale,M687,Barrington House Rain Gauge,-32.1521912,151.5229083,2489.2,2019-06-13T08:00:01.000+10:00,1950-10-01T08:00:00.000+10:00,NSW - Hunter Water
candidate_stale,M690,Beresfield No. 1 WWPS Rain Gauge,-32.79786111,151.6570778,2489.2,2019-06-13T08:00:01.000+10:00,1950-10-01T08:00:00.000+10:00,NSW - Hunter Water
candidate_stale,M691,Bolwarra #1A WWPS Rain Gauge,-32.712778,151.570725,2489.2,2019-06-13T08:00:01.000+10:00,1950-10-01T08:00:00.000+10:00,NSW - Hunter Water
candidate_stale,M693,Cardiff Chlorinator Rain Gauge,-32.95811944,151.6609333,2489.2,2019-06-13T08:00:01.000+10:00,1950-10-01T08:00:00.000+10:00,NSW - Hunter Water
candidate_stale,M694,Careys Peak Rain Gauge (Wombat Creek),-32.05458805,151.4694016,2489.2,2019-06-13T08:00:01.000+10:00,1950-10-01T08:00:00.000+10:00,NSW - Hunter Water
candidate_stale,M698,Cessnock BC Rain Gauge,-32.8415111,151.3644083,2489.2,2019-06-13T08:00:01.000+10:00,1950-10-01T08:00:00.000+10:00,NSW - Hunter Water
candidate_stale,M688,Cessnock No.2 Reservoir Rain Gauge,-32.84813056,151.3337028,2489.2,2019-06-13T08:00:01.000+10:00,1950-10-01T08:00:00.000+10:00,NSW - Hunter Water
candidate_stale,M699,Charlestown BC Rain Gauge,-32.965525,151.6945222,2489.2,2019-06-13T08:00:01.000+10:00,1950-10-01T08:00:00.000+10:00,NSW - Hunter Water
candidate_stale,M356,Chichester Rainfall,-32.242583,151.683314,2489.2,2019-06-13T08:00:01.000+10:00,1950-10-01T08:00:00.000+10:00,NSW - Hunter Water
candidate_stale,M701,Edgeworth WWTW Rain Gauge,-32.93210833,151.6181944,2489.2,2019-06-13T08:00:01.000+10:00,1950-10-01T08:00:00.000+10:00,NSW - Hunter Water
candidate_stale,M726,Eleebana Rain Gauge,-33.00557778,151.6418472,2489.2,2019-06-13T08:00:01.000+10:00,1950-10-01T08:00:00.000+10:00,NSW - Hunter Water
candidate_stale,M702,Farley WWTW Rain Gauge,-32.74395031,151.5162506,2489.2,2019-06-13T08:00:01.000+10:00,1950-10-01T08:00:00.000+10:00,NSW - Hunter Water
candidate_stale,M703,Fingal Bay No. 1 WWPS Rain Gauge,-32.74353611,152.1701333,2489.2,2019-06-13T08:00:01.000+10:00,1950-10-01T08:00:00.000+10:00,NSW - Hunter Water
candidate_stale,M354,Grahamstown Rainfall Composite (Ray Terr   Schroder),-32.7686555,151.793069,2489.2,2019-06-13T08:00:01.000+10:00,1899-12-31T00:00:00.000+10:00,NSW - Hunter Water
candidate_stale,M707,Maitland 18 WWPS Rain Gauge,-32.70140278,151.5274389,2489.2,2019-06-13T08:00:01.000+10:00,1950-10-01T08:00:00.000+10:00,NSW - Hunter Water
candidate_stale,M358,Maitland Rainfall,-32.752175,151.6025056,2489.2,2019-06-13T08:00:01.000+10:00,1950-10-01T08:00:00.000+10:00,NSW - Hunter Water
candidate_stale,M708,Maryland Rain Gauge,-32.88074736,151.661654,2489.2,2019-06-13T08:00:01.000+10:00,1950-10-01T08:00:00.000+10:00,NSW - Hunter Water
candidate_stale,M711,Merewether WPS Rain Gauge,-32.94528333,151.7480139,2489.2,2019-06-13T08:00:01.000+10:00,1950-10-01T08:00:00.000+10:00,NSW - Hunter Water
candidate_stale,M712,Mt Nelson Rain Gauge,-32.10658917,151.597827,2489.2,2019-06-13T08:00:01.000+10:00,1950-10-01T08:00:00.000+10:00,NSW - Hunter Water
candidate_stale,M717,Raymond Terrace 6 WWPS Rain Gauge,-32.759906,151.7716444,2489.2,2019-06-13T08:00:01.000+10:00,1950-10-01T08:00:00.000+10:00,NSW - Hunter Water
candidate_stale,M719,Shortland No. 1 WWPS Rain Gauge,-32.88446389,151.688925,2489.2,2019-06-13T08:00:01.000+10:00,1950-10-01T08:00:00.000+10:00,NSW - Hunter Water
candidate_stale,M720,Soldiers Point Rain Gauge,-32.71009439,152.0701696,2489.2,2019-06-13T08:00:01.000+10:00,1950-10-01T08:00:00.000+10:00,NSW - Hunter Water
candidate_stale,M721,Stockton No. 3 WWPS Rain Gauge,-32.91070278,151.7791611,2489.2,2019-06-13T08:00:01.000+10:00,1950-10-01T08:00:00.000+10:00,NSW - Hunter Water
candidate_stale,M723,Tanilba Bay WWPS Rain Gauge,-32.73693,152.000753,2489.2,2019-06-13T08:00:01.000+10:00,1950-10-01T08:00:00.000+10:00,NSW - Hunter Water
candidate_stale,M724,Teralba 1 WWPS Rain Gauge,-32.95826667,151.6111028,2489.2,2019-06-13T08:00:01.000+10:00,1950-10-01T08:00:00.000+10:00,NSW - Hunter Water
candidate_stale,M355,Tomago Rainfall,-32.7858444,151.8170639,2489.2,2019-06-13T08:00:01.000+10:00,1950-10-01T08:00:00.000+10:00,NSW - Hunter Water
candidate_stale,M725,Underbank (Tillegra) Weather Station,-32.245803,151.605864,2489.2,2019-06-13T08:00:01.000+10:00,1950-10-01T08:00:00.000+10:00,NSW - Hunter Water
candidate_stale,M352,Upper Chichester Rainfall,-32.16878386,151.5936941,2489.2,2019-06-13T08:00:01.000+10:00,1950-10-01T08:00:00.000+10:00,NSW - Hunter Water
candidate_stale,M727,Wallsend BC Rain Gauge,-32.90463889,151.6653639,2489.2,2019-06-13T08:00:01.000+10:00,1950-10-01T08:00:00.000+10:00,NSW - Hunter Water
candidate_stale,STP_TO.1,STP-TO.Rainfall_mm,-33.2791666695514,151.562500004297,2489.5,2019-06-12T23:00:01.000+10:00,2009-06-30T23:00:00.000+10:00,NSW - Central Coast Council
candidate_stale,STP_WS.1,STP-WS.Rainfall_mm,-33.315277782584,151.426111098594,2489.5,2019-06-12T23:00:01.000+10:00,2009-06-30T23:00:00.000+10:00,NSW - Central Coast Council
candidate_stale,M716,Nelson Bay BC Rain Gauge,-32.72524167,152.1437972,2490.2,2019-06-12T08:00:01.000+10:00,1950-10-01T08:00:00.000+10:00,NSW - Hunter Water
candidate_stale,STP_CH.1,STP-CH.Rainfall_mm,-33.2238888910704,151.478055596333,2492.5,2019-06-09T23:00:01.000+10:00,2009-06-30T23:00:00.000+10:00,NSW - Central Coast Council
candidate_stale,M704,Hudson Park (Adamstown) Rain Gauge,-32.94467309,151.7109664,2498.2,2019-06-04T08:00:01.000+10:00,1950-10-01T08:00:00.000+10:00,NSW - Hunter Water
candidate_stale,M729,Waratah Res. Rain Gauge,-32.8987972,151.7189333,2498.2,2019-06-04T08:00:01.000+10:00,1950-10-01T08:00:00.000+10:00,NSW - Hunter Water
candidate_stale,STP_GW.1,STP-GW.Rainfall_mm,-33.1463888864929,151.57722219547,2499.5,2019-06-02T23:00:01.000+10:00,2009-06-30T23:00:00.000+10:00,NSW - Central Coast Council
candidate_stale,M718,Raymond Terrace WWTW Rain Gauge,-32.77327778,151.7503306,2708.2,2018-11-06T08:00:01.000+10:00,2010-06-01T00:00:00.000+10:00,NSW - Hunter Water
candidate_stale,M353,Toronto Rainfall,-33.00210833,151.5785889,2708.2,2018-11-06T08:00:01.000+10:00,1978-11-16T00:00:00.000+10:00,NSW - Hunter Water
candidate_stale,M730,West Wallsend Rain Gauge,-32.90480819,151.5860201,2708.2,2018-11-06T08:00:01.000+10:00,2010-05-31T00:00:00.000+10:00,NSW - Hunter Water
candidate_stale,401554,Tooma River above Tooma Reservoir,-85.527455999146,56.766916932304,3151.0,2017-08-20T12:17:16.000+10:00,2003-01-31T00:14:50.000+10:00,NSW - Snowy Hydro Limited
candidate_stale,410534,Happy Jacks River above Happy Jacks Pondage,-36.00166667,148.46138889,3240.1,2017-05-23T09:45:31.000+10:00,2003-07-10T18:56:29.000+10:00,NSW - Snowy Hydro Limited
candidate_stale,M710,Medowie No. 3 Rain Gauge,-32.752135,151.883032,3297.2,2017-03-27T08:00:01.000+10:00,2010-05-31T00:00:00.000+10:00,NSW - Hunter Water
candidate_stale,M692,Branxton WWTW Rain Gauge,-32.660608,151.362065,3346.2,2017-02-06T08:00:01.000+10:00,2010-06-01T00:00:00.000+10:00,NSW - Hunter Water
candidate_stale,566089,MANLY GOLF COURSE,-33.79055886,151.27577636,3395.0,2016-12-19T12:00:01.000+10:00,1991-05-29T13:54:00.000+10:00,NSW - Sydney Water Corporation (Sydney Water)
candidate_stale,566055,HORNSBY BOWLING CLUB,-33.7067,151.107,3475.0,2016-09-30T12:00:01.000+10:00,1982-06-29T12:36:00.000+10:00,NSW - Sydney Water Corporation (Sydney Water)
candidate_stale,568189,HELENSBURGH BOWLING CLUB,-34.1891,150.9794,3492.0,2016-09-13T12:00:01.000+10:00,1992-12-14T16:02:00.000+10:00,NSW - Sydney Water Corporation (Sydney Water)
candidate_stale,410776,Licking Hole Creek above Cotter Junction,-35.65788889,148.83933333,3595.2,2016-06-02T06:00:01.000+10:00,2003-03-14T17:00:00.000+10:00,ACT - Icon Water Limited
candidate_stale,412077,BELUBULA RIVER AT CARCOAR,-33.614572,149.144915,3606.6,2016-05-21T21:15:01.000+10:00,2016-05-21T21:14:59.000+10:00,NSW - Water NSW
candidate_stale,425016,BOX CREEK AT COBAR,-31.46356892,145.81068482,3772.0,2015-12-08T12:15:01.000+10:00,1976-08-13T15:09:59.000+10:00,NSW - Water NSW
candidate_stale,209011,"Crabapple Creek, Karuah River Basin",-32.1554,151.6974,3882.1,2015-08-20T10:00:01.000+10:00,1975-08-01T14:00:00.000+10:00,Forestry Corporation of NSW
candidate_stale,402203A,KIEWA RIVER AT MONGANS BRIDGE,-36.5985,147.1013,3909.0,2015-07-24T12:00:01.000+10:00,2007-02-13T19:13:59.000+10:00,NSW - Water NSW
candidate_stale,412028,ABERCROMBIE RIVER AT ABERCROMBIE,-33.9547,149.3251,4135.1,2014-12-10T09:45:01.000+10:00,2003-02-14T09:00:00.000+10:00,NSW - Water NSW
candidate_stale,209017,"Coachwood Creek, Karuah River Basin",-32.1719,151.7153,4155.0,2014-11-20T11:36:01.000+10:00,1990-12-24T11:18:00.000+10:00,Forestry Corporation of NSW
candidate_stale,209014,"Sassafras Creek, Karuah River Basin",-32.1631,151.713,4155.0,2014-11-20T11:06:01.000+10:00,1990-10-26T12:36:00.000+10:00,Forestry Corporation of NSW
candidate_stale,570999,Middle Creek at Orroral Valley,-35.57844444,148.90922222,4178.0,2014-10-28T11:54:16.000+10:00,1976-08-07T15:18:00.000+10:00,ACT - Icon Water Limited
candidate_stale,41000241,WEATHER STATION AT NORTH OF WOOLSHED CREEK REGULATOR,-34.5619842,143.66456427,4260.9,2014-08-06T14:05:09.000+10:00,2008-08-06T16:00:00.000+10:00,NSW - Water NSW
candidate_stale,570980,Orroral Valley near Sawpit Creek,-35.61455556,148.91658333,4329.9,2014-05-29T14:17:31.000+10:00,1972-11-22T12:40:00.000+10:00,ACT - Icon Water Limited
candidate_stale,568042,BARGO CALOOLA RD,-34.26119764,150.57348348,4546.4,2013-10-25T03:00:03.000+10:00,2012-10-16T12:29:17.000+10:00,NSW - Sydney Water Corporation (Sydney Water)
candidate_stale,410704,Cotter Reservoir at Dam,-35.320476,148.939676,4584.2,2013-09-17T07:41:30.000+10:00,2012-02-29T23:59:59.000+10:00,ACT - Icon Water Limited
candidate_stale,219900,BEGA RIVER AT BEGA (NORTH BYE),-36.6693,149.8299,4589.1,2013-09-12T09:00:01.000+10:00,1879-03-01T08:59:59.000+10:00,NSW - Water NSW
candidate_stale,570903,Eastwood Jerangle,-35.88527778,149.35791667,4731.0,2013-04-23T10:58:16.000+10:00,1955-12-30T09:00:00.000+10:00,ACT - Icon Water Limited
candidate_stale,570916,Hillside (Clea) Jingera,-35.78561111,149.41852778,4773.2,2013-03-12T06:00:01.000+10:00,1956-03-30T09:00:00.000+10:00,ACT - Icon Water Limited
candidate_stale,570931,Slap-up Jerangle,-35.90502778,149.45166667,4787.2,2013-02-26T06:00:02.000+10:00,1961-12-30T09:00:00.000+10:00,ACT - Icon Water Limited
candidate_stale,570968,Tinderry Mountains at Simon's Creek,-35.74216667,149.27836111,4787.2,2013-02-26T06:00:01.000+10:00,1969-02-26T11:43:00.000+10:00,ACT - Icon Water Limited
candidate_stale,EW1101,Molonglo Temporary AWS East,-35.30236111,149.05719444,4947.3,2012-09-19T05:00:01.000+10:00,2011-06-08T13:46:29.000+10:00,ACT - Icon Water Limited
candidate_stale,EW1102,Molonglo Temporary AWS West,-35.28022222,149.03152778,4947.3,2012-09-19T05:11:25.000+10:00,2011-06-08T16:00:32.000+10:00,ACT - Icon Water Limited
candidate_stale,41010904,MURRUMBIDGEE RIVER AT BEREMBED WEIR - STORAGE GAUGE,-34.8775,146.8376,4975.1,2012-08-22T09:00:00.000+10:00,2009-01-20T08:58:59.000+10:00,NSW - Water NSW
candidate_stale,41010928,MURRUMBIDGEE RIVER AT HAY WEIR - STORAGE GAUGE,-34.5252,144.7116,5023.1,2012-07-05T09:00:00.000+10:00,2010-10-26T08:58:59.000+10:00,NSW - Water NSW
candidate_stale,210076,ANTIENE CREEK AT LIDDELL,-32.336248081,150.982413347,5186.9,2012-01-23T13:00:01.000+10:00,1976-09-24T10:29:59.000+10:00,NSW - Water NSW
candidate_stale,073025,OLD JUNEE ( Millbank),-34.8457467599997,147.57138732,5240.9,2011-11-30T15:00:00.000+10:00,2011-11-01T11:58:59.000+10:00,NSW - Water NSW
candidate_stale,561106,BALA,-33.12693489,150.95811986,5242.0,2011-11-29T10:56:01.000+10:00,1990-06-26T14:02:00.000+10:00,
candidate_stale,561107,MOUNT CALORE,-33.0288,150.8741,5242.0,2011-11-29T10:43:01.000+10:00,1990-06-26T11:44:00.000+10:00,
candidate_stale,561108,WOMERAH,-33.2302,150.8077,5242.0,2011-11-29T11:09:01.000+10:00,1990-06-26T15:42:00.000+10:00,
candidate_stale,561109,CORICUDGY (THE OVENS),-32.3464623,150.34646235,5242.1,2011-11-29T09:58:01.000+10:00,1990-10-31T12:20:00.000+10:00,
candidate_stale,561105,CULOUL RANGE (TARI CREEK),-33.20635414,150.62283192,5242.9,2011-11-28T13:06:01.000+10:00,1990-06-26T12:36:00.000+10:00,
candidate_stale,562101,RYLSTONE(MARLOO),-32.9052,150.0371,5243.0,2011-11-28T11:28:01.000+10:00,1990-06-22T12:46:00.000+10:00,
candidate_stale,563082,WOLLANGAMBE JUNCTION  (BLACKSMITHS CREEK),-33.37704402,150.60646888,5243.1,2011-11-28T08:41:01.000+10:00,1990-11-29T10:26:00.000+10:00,
candidate_stale,41010922,MURRUMBIDGEE RIVER AT GOGELDRIE WEIR - STORAGE GAUGE,-34.6165,146.2579,5276.1,2011-10-26T09:00:00.000+10:00,2011-02-04T08:59:59.000+10:00,NSW - Water NSW
candidate_stale,41010941,MURRUMBIDGEE RIVER AT MAUDE WEIR - STORAGE GAUGE,-34.4763,144.3047,5276.1,2011-10-26T09:00:00.000+10:00,2010-12-09T08:58:59.000+10:00,NSW - Water NSW
candidate_stale,205006,NAMBUCCA RIVER AT BOWRAVILLE,-30.6405,152.856,5333.2,2011-08-30T05:45:01.000+10:00,1993-03-11T09:45:00.000+10:00,NSW - Water NSW
candidate_stale,409023,EDWARD RIVER DOWNSTREAM OF STEVENS WEIR,-35.434342,144.758475,5360.5,2011-08-03T00:00:01.000+10:00,1994-03-03T15:46:00.000+10:00,NSW - Water NSW
candidate_stale,401012B,MURRAY RIVER AT BIGGARA - Backup,-36.3192,148.0519,5383.4,2011-07-11T03:06:01.000+10:00,2006-10-24T20:58:59.000+10:00,NSW - Water NSW
candidate_stale,570990,Gungahlin Catchment East,-35.20455556,149.11175,5422.3,2011-06-02T05:00:02.000+10:00,1976-07-01T11:15:00.000+10:00,"ACT - Environment, Planning and Sustainable Development Directorate"
candidate_stale,410023,MURRUMBIDGEE RIVER AT D/S BEREMBED WEIR,-34.8797,146.836,5520.1,2011-02-24T08:30:03.000+10:00,2011-02-01T17:59:04.000+10:00,NSW - Water NSW
candidate_stale,410082,MURRUMBIDGEE RIVER AT DOWNSTREAM GOGELDRIE WEIR,-34.6151,146.2562,5523.2,2011-02-21T08:00:10.000+10:00,2011-02-01T17:59:05.000+10:00,NSW - Water NSW
candidate_stale,410136,MURRUMBIDGEE RIVER AT DOWNSTREAM HAY WEIR,-34.5247,144.7111,5527.7,2011-02-16T18:45:03.000+10:00,2011-02-01T18:00:06.000+10:00,NSW - Water NSW
candidate_stale,210126,HUNTER RIVER AT UPSTREAM FOY BROOK,-32.4849,151.0491,5536.1,2011-02-08T08:50:14.000+10:00,2010-06-01T11:50:00.000+10:00,NSW - Water NSW
candidate_stale,209006,WANG WAUK RIVER AT WILLINA,-32.1609,152.2609,5563.1,2011-01-12T09:00:01.000+10:00,2010-05-11T14:39:59.000+10:00,NSW - Water NSW
candidate_stale,209002,MAMMY JOHNSONS RIVER AT PIKES CROSSING,-32.2437,151.9789,5604.1,2010-12-02T09:30:01.000+10:00,2010-05-14T12:20:00.000+10:00,NSW - Water NSW
candidate_stale,563048,LIDSDALE STATE FOREST,-33.44465078,150.0554793,5814.5,2010-05-06T00:00:01.000+10:00,1987-09-23T09:22:00.000+10:00,
candidate_stale,567076,CASTLE HILL STP,-33.7111,150.9842,5934.4,2010-01-06T03:00:01.000+10:00,1983-07-29T20:30:00.000+10:00,
candidate_stale,211013,OURIMBAH CREEK AT U/S WEIR,-33.3483165,151.3433085,5971.5,2009-11-29T23:33:01.000+10:00,2009-11-29T23:32:59.000+10:00,NSW - Water NSW
candidate_stale,668135,BENDEELA  Evaporation Pan,-34.73611111,150.46388889,6178.9,2009-05-06T13:18:01.000+10:00,2005-06-16T12:15:00.000+10:00,
candidate_stale,421012,MACQUARIE RIVER AT CARINDA (BELLS BRIDGE),-30.4347,147.5696,6970.3,2007-03-07T05:00:00.000+10:00,2004-10-07T12:24:59.000+10:00,NSW - Water NSW
candidate_stale,418025,HALLS CREEK AT BINGARA,-29.93331667,150.57250833,6978.8,2007-02-26T16:00:00.000+10:00,2005-02-25T09:39:59.000+10:00,NSW - Water NSW
candidate_stale,215017,BROUGHTON CREEK AT THE OAKS,-34.7736,150.7104,7032.0,2007-01-04T12:30:01.000+10:00,2005-11-01T13:14:59.000+10:00,NSW - Water NSW
candidate_stale,21210060,WHITEHEADS CREEK AT MUMMEL (STATION G1),-34.6423,149.5663,7207.9,2006-07-12T14:20:01.000+10:00,1987-05-11T14:39:59.000+10:00,NSW - Water NSW
candidate_stale,21210061,WHITEHEADS CREEK AT MUMMEL (STATION G2),-34.6415,149.5625,7207.9,2006-07-12T14:20:01.000+10:00,1987-05-11T14:39:59.000+10:00,NSW - Water NSW
candidate_stale,21210062,WHITEHEADS CREEK AT MUMMEL (STATION G3),-34.642,149.5586,7207.9,2006-07-12T14:20:01.000+10:00,1987-05-11T14:39:59.000+10:00,NSW - Water NSW
candidate_stale,21210063,WHITEHEADS CREEK AT MUMMEL (STATION G4),-34.6438,149.5583,7207.9,2006-07-12T14:20:01.000+10:00,1987-05-27T10:59:59.000+10:00,NSW - Water NSW
candidate_stale,21210064,WHITEHEADS CREEK AT MUMMEL (STATION G5),-34.6848,149.5569,7207.9,2006-07-12T14:20:01.000+10:00,1988-08-16T13:10:59.000+10:00,NSW - Water NSW
candidate_stale,21210065,WHITEHEADS CREEK AT MUMMEL (STATION G6),-34.6595,149.5608,7207.9,2006-07-12T14:20:01.000+10:00,1988-08-18T15:59:59.000+10:00,NSW - Water NSW
candidate_stale,212057,SOUTH CREEK AT SHANES PARK,-33.7079,150.7658,7226.1,2006-06-24T09:45:01.000+10:00,2006-01-02T05:15:00.000+10:00,NSW - Water NSW
candidate_stale,553001,GWYDIR WETLANDS AT BUNNOR,-29.2859,149.3529,7367.2,2006-02-03T08:00:01.000+10:00,1996-10-15T15:35:59.000+10:00,NSW - Water NSW
candidate_stale,214007,FOUNTAINDALE CREEK AT BURNSIDE,-34.6448,150.7985,7460.1,2005-11-02T09:10:01.000+10:00,2003-02-19T09:47:59.000+10:00,NSW - Water NSW
candidate_stale,418034,BOOROLONG CREEK (NORTH ARM) AT BLACK MOUNTAIN,-30.2964,151.6376,7590.9,2005-06-24T14:15:01.000+10:00,1975-05-07T16:04:59.000+10:00,NSW - Water NSW
candidate_stale,401019,MULLENGANDRA CREEK AT MOUNTAIN CREEK ROAD,-35.8642,147.1612,7750.1,2005-01-16T09:07:30.000+10:00,1999-10-30T13:51:53.000+10:00,NSW - Water NSW
candidate_stale,563080,GROSE WOLD,-33.5961,150.6986,7768.0,2004-12-29T11:35:00.000+10:00,1990-06-19T13:12:00.000+10:00,
candidate_stale,214009,MINNAMURRA RIVER AT MINNAMURRA LANE,-34.6434,150.7811,7804.1,2004-11-23T09:00:01.000+10:00,2003-02-18T07:48:59.000+10:00,NSW - Water NSW
candidate_stale,421156,BONADA CREEK AT MUMBIL,-32.6984,149.0429,7886.5,2004-09-02T00:00:01.000+10:00,1991-09-18T14:14:59.000+10:00,NSW - Water NSW
candidate_stale,418069,BOXHILL WATERCOURSE NEAR INVERELL,-29.6909,150.929,7908.0,2004-08-11T12:00:01.000+10:00,1991-03-19T12:59:59.000+10:00,NSW - Water NSW
candidate_stale,419087,BIG JACK S CK AT WARRAH RIDGE.,-31.5782,150.5318,7958.0,2004-06-22T10:38:01.000+10:00,1996-03-05T16:28:00.000+10:00,NSW - Water NSW
candidate_stale,412184,WARRENGONG CREEK AT THE TENNIS COURT,-34.0136,148.4919,8039.5,2004-04-02T00:00:01.000+10:00,2001-11-08T10:12:00.000+10:00,NSW - Water NSW
candidate_stale,412036,LACHLAN RIVER D/S JEMALONG WEIR,-33.398997,147.774991,8040.1,2004-04-01T09:00:01.000+10:00,1990-04-10T09:00:00.000+10:00,NSW - Water NSW
candidate_stale,213005,TOONGABBIE CREEK @ BRIENS ROAD,-33.800128,150.980839,8043.0,2004-03-29T12:00:01.000+10:00,1979-04-19T12:15:00.000+10:00,NSW - Water NSW
candidate_stale,218010,WANDELLA CREEK AT U/S ILLAWAMBRA DAM,-36.3706,149.7678,8132.1,2003-12-31T09:00:01.000+10:00,2002-01-01T09:00:00.000+10:00,NSW - Water NSW
candidate_stale,012002,FRIESLICH CREEK AT FRIESLICH DAM,-31.358215997,149.331753006,8345.9,2003-05-31T13:06:01.000+10:00,1977-03-19T11:10:00.000+10:00,NSW - Water NSW
candidate_stale,221002,WALLAGARAUGH RIVER AT PRINCES HIGHWAY,-37.3704,149.7138,8493.4,2003-01-04T03:07:01.000+10:00,1992-07-02T15:36:29.000+10:00,NSW - Water NSW
candidate_stale,570819,Gungahlin off Wells Station Road,-35.18770153,149.14166242,8586.1,2002-10-03T09:27:01.000+10:00,1991-02-04T10:30:00.000+10:00,"ACT - Environment, Planning and Sustainable Development Directorate"
candidate_stale,412100,JEMALONG MAIN CANAL AT OFFTAKE,-33.39993,147.775358,8617.1,2002-09-02T09:00:00.000+10:00,1990-03-31T08:59:59.000+10:00,NSW - Water NSW
candidate_stale,416201B,MACINTYRE RIVER AT GOONDIWINDI WEIR,-28.5317999999994,150.2511,8622.1,2002-08-28T09:00:00.000+10:00,1999-05-26T08:59:59.000+10:00,NSW - Water NSW
candidate_stale,412138,GUNNINGBLAND CREEK AT MILPOSE,-33.0353,147.9698,8719.0,2002-05-23T12:00:01.000+10:00,1992-02-20T16:45:00.000+10:00,NSW - Water NSW
candidate_stale,570924,Lagoon/Purplevale at Burra,-35.54166239,149.22499775,9168.1,2001-02-28T09:00:01.000+10:00,1956-12-30T09:00:00.000+10:00,ACT - Icon Water Limited
candidate_stale,GW081065,gw081065,-31.2691999999996,152.8565,9227.1,2000-12-31T09:00:00.000+10:00,1999-08-31T08:59:59.000+10:00,NSW - Water NSW
candidate_stale,GW081065.1.1,gw081065,-31.2692,152.8565,9227.1,2000-12-31T09:00:01.000+10:00,1999-08-31T08:59:59.000+10:00,NSW - Water NSW
candidate_stale,219062,WILLBOB CREEK AT GLENBOG STATE FOREST,-36.717,149.4906,9239.1,2000-12-19T09:50:01.000+10:00,1999-10-07T11:10:00.000+10:00,NSW - Water NSW
candidate_stale,203024,COOPERS CREEK AT EWING BRIDGE,-28.721534998,153.362272002,9246.4,2000-12-12T03:00:01.000+10:00,1994-01-01T09:29:19.000+10:00,NSW - Water NSW
candidate_stale,203002,COOPERS CREEK AT REPENTANCE,-28.641291998,153.412584997,9246.4,2000-12-12T03:00:01.000+10:00,1994-01-01T10:38:11.000+10:00,NSW - Water NSW
candidate_stale,556001,TENTERFIELD RAIN AT PANORAMA,-29.1147,152.0514,9490.1,2000-04-12T09:45:01.000+10:00,1995-01-05T16:05:10.000+10:00,NSW - Water NSW
candidate_stale,219019,TANTAWANGALO CREEK AT KAMERUKA,-36.7332,149.7181,9592.5,2000-01-01T00:00:01.000+10:00,1900-12-31T08:59:59.000+10:00,NSW - Water NSW
candidate_stale,219030,BEMBOKA RIVER AT BROWN MOUNTAIN POWER STATION,-36.5952,149.4746,9779.2,1999-06-28T08:00:01.000+10:00,1952-12-31T08:59:59.000+10:00,NSW - Water NSW
candidate_stale,412135,BEGALIA CREEK AT BEGALIA,-34.6719,148.9626,9869.9,1999-03-29T14:45:01.000+10:00,1989-08-22T14:00:00.000+10:00,NSW - Water NSW
candidate_stale,222209,SNOWY RIVER AT McKILLOPS BRIDGE,-37.0839,148.4127,9889.0,1999-03-10T12:43:39.000+10:00,1992-11-06T18:46:50.000+10:00,NSW - Water NSW
candidate_stale,552001,GWYDIR WETLANDS AT BEXLEY,-29.3141,149.041,9948.6,1999-01-09T20:52:01.000+10:00,1996-10-18T07:18:00.000+10:00,NSW - Water NSW
candidate_stale,418062,Moomin Creek off take,-29.5567999999995,149.6591,10004.1,1998-11-15T09:00:00.000+10:00,1997-08-17T08:59:59.000+10:00,NSW - Water NSW
candidate_stale,556002,DLWC WEATHER STATION AT ARMIDALE,-30.513,151.6632,10050.1,1998-09-30T09:00:01.000+10:00,1996-09-13T11:56:59.000+10:00,NSW - Water NSW
candidate_stale,218005,TUROSS RIVER DOWNSTREAM WADBILLIGA RIVER JUNCTION,-36.1959,149.7616,10112.1,1998-07-30T09:00:01.000+10:00,1988-01-01T00:00:00.000+10:00,NSW - Water NSW
candidate_stale,410180,NATIVE GRASS CATCHMENT FLUME AT WAGGA RESEARCH STN.,-35.1419,147.3096,10129.5,1998-07-13T00:00:01.000+10:00,1997-04-02T23:18:00.000+10:00,NSW - Water NSW
candidate_stale,421084,BURRILL CREEK AT MICKIBRI,-32.88183476,148.22097744,10357.0,1997-11-27T10:30:01.000+10:00,1979-11-29T10:59:59.000+10:00,NSW - Water NSW
candidate_stale,421087,PLUM PUDDING CREEK AT MIRAMBEE,-32.3484,148.6845,10511.9,1997-06-25T15:00:01.000+10:00,1976-08-10T16:29:59.000+10:00,NSW - Water NSW
candidate_stale,412093,NARADHAN CREEK AT NARADHAN,-33.6235,146.3188,10566.7,1997-05-01T18:00:01.000+10:00,1978-11-08T14:14:59.000+10:00,NSW - Water NSW
candidate_stale,409056,TUPPAL CREEK AT ARATULA ROAD,-35.6281,145.0552,10595.8,1997-04-02T16:00:01.000+10:00,1991-04-03T17:00:00.000+10:00,NSW - Water NSW
candidate_stale,409070,D.C. LALALTY AT LALALTY JUNCTION,-35.791,145.7298,10801.0,1996-09-09T11:00:01.000+10:00,1991-03-20T17:15:00.000+10:00,NSW - Water NSW
candidate_stale,213004,PARRAMATTA RIVER AT PARRAMATTA HOSPITAL,-33.8111,151.0013,10871.1,1996-07-01T09:10:01.000+10:00,1979-02-06T11:30:00.000+10:00,NSW - Water NSW
candidate_stale,409053,D.C. LALALTY AT RAILWAY BRIDGE,-35.7783,145.564,11029.8,1996-01-24T16:05:01.000+10:00,1991-03-22T13:00:00.000+10:00,NSW - Water NSW
candidate_stale,409058,BOX CREEK AT CONARGO ROAD,-35.4013,145.0624,11035.9,1996-01-18T13:30:01.000+10:00,1991-04-17T19:00:00.000+10:00,NSW - Water NSW
candidate_stale,012001,HOMESTEAD CREEK AT FOWLERS GAP,-31.086700269,141.696700377,11069.1,1995-12-16T09:55:01.000+10:00,1976-10-21T14:15:00.000+10:00,NSW - Water NSW
candidate_stale,221001,GENOA RIVER AT ROCKTON,-37.1382,149.3183,11234.7,1995-07-03T19:02:54.000+10:00,1994-10-19T20:02:16.000+10:00,NSW - Water NSW
candidate_stale,410127,MAIN CANAL AT NARRANDERA REGULATOR,-34.7568,146.5624,11241.1,1995-06-27T09:00:00.000+10:00,1995-06-15T08:59:59.000+10:00,NSW - Water NSW
candidate_stale,410077,BREDBO RIVER AT LAGUNA,-35.9829,149.4016,11419.1,1994-12-31T09:00:01.000+10:00,1963-12-31T00:00:00.000+10:00,NSW - Water NSW
candidate_stale,204906,ORARA RIVER AT GLENREAGH,-30.067556,152.98529,11590.2,1994-07-13T07:53:38.000+10:00,1993-05-07T08:04:30.000+10:00,NSW - Water NSW
candidate_stale,219006,TANTAWANGALO CREEK AT TANTAWANGALO MOUNTAIN (DAM),-36.7803,149.5427,11777.9,1994-01-06T13:18:01.000+10:00,1990-12-13T08:26:00.000+10:00,NSW - Water NSW
candidate_stale,409057,BOX CREEK AT BLIGHTY,-35.5936,145.2903,11981.9,1993-06-16T13:00:01.000+10:00,1991-03-28T12:45:00.000+10:00,NSW - Water NSW
candidate_stale,409069,DRAINAGE CANAL ULUPNA AT UPSTREAM BOX CREEK,-35.6556,145.4778,11982.0,1993-06-16T11:30:01.000+10:00,1991-03-27T13:45:00.000+10:00,NSW - Water NSW
candidate_stale,206027,PIPECLAY CREEK AT KIRBY FARM,-30.4689,151.6318,12133.9,1993-01-15T13:00:01.000+10:00,1975-05-01T11:15:00.000+10:00,NSW - Water NSW
candidate_stale,219007,BROGO RIVER AT BROGO,-36.5405,149.8263,12302.1,1992-07-31T09:00:01.000+10:00,1974-05-31T09:00:00.000+10:00,NSW - Water NSW
candidate_stale,204027,LITTLE NYMBOIDA RIVER AT TIMMSVALE,-30.219472206,152.871719992,12480.0,1992-02-04T11:40:01.000+10:00,1975-12-09T13:29:59.000+10:00,NSW - Water NSW
candidate_stale,210095,BUCKS CREEK AT VACY,-32.522,151.5603,12725.1,1991-06-04T10:00:01.000+10:00,1975-10-31T08:41:59.000+10:00,NSW - Water NSW
candidate_stale,216008,BUTLERS CREEK AT KIOLOA,-35.5435,150.3648,13927.1,1988-02-18T09:30:01.000+10:00,1981-01-08T12:10:00.000+10:00,NSW - Water NSW
candidate_stale,210074,MCMAHONS CREEK AT LIDDELL (SITE 5),-32.3558,151.0138,15801.2,1983-01-01T06:30:01.000+10:00,1977-08-10T16:50:00.000+10:00,NSW - Water NSW
candidate_stale,208002,MANNING RIVER AT TOMALLA (CAMPBELLS NO.2),-31.849,151.5447,16273.9,1981-09-15T15:00:01.000+10:00,1958-09-16T15:00:00.000+10:00,NSW - Water NSW
candidate_stale,209014,SASSAFRAS CREEK AT CHICHESTER STATE FOREST,-32.164167,151.715556,16644.1,1980-09-10T10:10:01.000+10:00,1975-12-29T11:00:00.000+10:00,NSW - Water NSW
candidate_stale,209017,COACHWOOD CREEK AT CHICHESTER STATE FOREST,-32.171384,151.717778,16674.1,1980-08-11T09:25:01.000+10:00,1975-12-29T12:39:59.000+10:00,NSW - Water NSW
candidate_stale,209011,CRABAPPLE CREEK AT CHICHESTER STATE FOREST,-32.155833,151.6975,18067.0,1976-10-18T10:40:01.000+10:00,1975-08-01T14:00:00.000+10:00,NSW - Water NSW
candidate_stale,210068,POKOLBIN CREEK AT POKOLBIN SITE 3,-32.795650682,151.331135072,21249.5,1968-02-01T00:00:01.000+10:00,1966-01-01T00:00:00.000+10:00,NSW - Water NSW
candidate_stale,219012,DEVILS CREEK NEAR TANTAWANGALO(MAIN ROAD BRIDGE),-36.7954,149.5925,21676.7,1966-11-30T18:00:01.000+10:00,1966-05-03T17:00:00.000+10:00,NSW - Water NSW
candidate_stale,218009,TUROSS RIVER AT TUROSS,-36.2985,149.5012,34552.1,1931-08-31T09:00:01.000+10:00,1924-01-07T08:59:59.000+10:00,NSW - Water NSW
candidate_stale,570348,BLANKET BURN,-35.013147,149.977392,,,,
candidate_stale,563057,YERRANDERIE (BINDOOK),-34.171789,150.095167,,,,
